country_code,city_name,organization_type,stat_date(月),Daily Orders
MX,Las Choapas,SME,2024-06-01 / 2024-06-01,86
MX,La Piedad,SME,2024-06-01 / 2024-06-01,-
MX,Tulancingo,SME,2024-06-01 / 2024-06-01,-
MX,Tlaxcala,DK,2024-06-01 / 2024-06-01,0
MX,Orizaba,SME,2024-06-01 / 2024-06-01,0
MX,Chetumal,DK,2024-06-01 / 2024-06-01,19
MX,Uruapan,SME,2024-06-01 / 2024-06-01,0
MX,Apizaco,SME,2024-06-01 / 2024-06-01,-
MX,Comitan de Dominguez,SME,2024-06-01 / 2024-06-01,-
MX,Cordoba,SME,2024-06-01 / 2024-06-01,569
MX,Carmen,SME,2024-06-01 / 2024-06-01,228
MX,Coatzacoalcos,DK,2024-06-01 / 2024-06-01,6
MX,Abejones,SME,2024-06-01 / 2024-06-01,-
MX,Tapachula,DK,2024-06-01 / 2024-06-01,6
MX,Minatitlan,SME,2024-06-01 / 2024-06-01,-
MX,Oaxaca,DK,2024-06-01 / 2024-06-01,53
MX,Campeche,DK,2024-06-01 / 2024-06-01,3
MX,Zamora,SME,2024-06-01 / 2024-06-01,-
MX,Chilpancingo de los Bravo,SME,2024-06-01 / 2024-06-01,0
MX,Solidaridad,DK,2024-06-01 / 2024-06-01,8
MX,Pachuca,DK,2024-06-01 / 2024-06-01,-
MX,Cordoba,DK,2024-06-01 / 2024-06-01,-
MX,Acapulco,DK,2024-06-01 / 2024-06-01,-
MX,Zamora,KA,2024-06-01 / 2024-06-01,-
MX,Veracruz,DK,2024-06-01 / 2024-06-01,11
MX,Villahermosa,DK,2024-06-01 / 2024-06-01,69
MX,Las Choapas,DK,2024-06-01 / 2024-06-01,-
MX,Poza Rica de Hidalgo,DK,2024-06-01 / 2024-06-01,-
MX,Tehuacan,DK,2024-06-01 / 2024-06-01,1
MX,Morelia,DK,2024-06-01 / 2024-06-01,31
MX,Xalapa,DK,2024-06-01 / 2024-06-01,6
MX,Campeche,SME,2024-06-01 / 2024-06-01,488
MX,Acapulco,SME,2024-06-01 / 2024-06-01,287
MX,Tehuacan,SME,2024-06-01 / 2024-06-01,253
MX,Solidaridad,SME,2024-06-01 / 2024-06-01,212
MX,Xalapa,SME,2024-06-01 / 2024-06-01,331
MX,Villahermosa,SME,2024-06-01 / 2024-06-01,1464
MX,Tlaxcala,SME,2024-06-01 / 2024-06-01,434
MX,Morelia,SME,2024-06-01 / 2024-06-01,2356
MX,Coatzacoalcos,SME,2024-06-01 / 2024-06-01,230
MX,Chetumal,SME,2024-06-01 / 2024-06-01,155
MX,Poza Rica de Hidalgo,SME,2024-06-01 / 2024-06-01,158
MX,Tuxtla Gutierrez,SME,2024-06-01 / 2024-06-01,1974
MX,Cuernavaca,SME,2024-06-01 / 2024-06-01,1882
MX,Puebla,SME,2024-06-01 / 2024-06-01,3154
MX,Pachuca,SME,2024-06-01 / 2024-06-01,495
MX,San Cristobal de las Casas,SME,2024-06-01 / 2024-06-01,217
MX,B,SME,2024-06-01 / 2024-06-01,1535
MX,Tapachula,SME,2024-06-01 / 2024-06-01,216
MX,Merida,SME,2024-06-01 / 2024-06-01,1095
MX,Veracruz,SME,2024-06-01 / 2024-06-01,1081
MX,Oaxaca,SME,2024-06-01 / 2024-06-01,1337
MX,Cuernavaca,DK,2024-06-01 / 2024-06-01,30
MX,Poza Rica de Hidalgo,CKA,2024-06-01 / 2024-06-01,20
MX,Las Choapas,CKA,2024-06-01 / 2024-06-01,6
MX,Acapulco,CKA,2024-06-01 / 2024-06-01,28
MX,Cancun,DK,2024-06-01 / 2024-06-01,100
MX,San Cristobal de las Casas,KA,2024-06-01 / 2024-06-01,210
MX,Tulancingo,KA,2024-06-01 / 2024-06-01,-
MX,Tehuacan,KA,2024-06-01 / 2024-06-01,219
MX,Tapachula,KA,2024-06-01 / 2024-06-01,276
MX,Comitan de Dominguez,KA,2024-06-01 / 2024-06-01,0
MX,Poza Rica de Hidalgo,KA,2024-06-01 / 2024-06-01,141
MX,Campeche,KA,2024-06-01 / 2024-06-01,313
MX,Chilpancingo de los Bravo,CKA,2024-06-01 / 2024-06-01,-
MX,Chetumal,KA,2024-06-01 / 2024-06-01,332
MX,Coatzacoalcos,KA,2024-06-01 / 2024-06-01,512
MX,Oaxaca,KA,2024-06-01 / 2024-06-01,1013
MX,Las Choapas,KA,2024-06-01 / 2024-06-01,116
MX,Cordoba,KA,2024-06-01 / 2024-06-01,591
MX,Uruapan,KA,2024-06-01 / 2024-06-01,0
MX,Pachuca,KA,2024-06-01 / 2024-06-01,520
MX,Villahermosa,KA,2024-06-01 / 2024-06-01,1862
MX,Carmen,KA,2024-06-01 / 2024-06-01,394
MX,Tuxtla Gutierrez,KA,2024-06-01 / 2024-06-01,1420
MX,Chilpancingo de los Bravo,KA,2024-06-01 / 2024-06-01,0
MX,Tlaxcala,KA,2024-06-01 / 2024-06-01,354
MX,Tehuacan,CKA,2024-06-01 / 2024-06-01,49
MX,Coatzacoalcos,CKA,2024-06-01 / 2024-06-01,48
MX,Uruapan,CKA,2024-06-01 / 2024-06-01,0
MX,Zamora,CKA,2024-06-01 / 2024-06-01,-
MX,Solidaridad,CKA,2024-06-01 / 2024-06-01,51
MX,Tuxtla Gutierrez,CKA,2024-06-01 / 2024-06-01,233
MX,Villahermosa,CKA,2024-06-01 / 2024-06-01,1560
MX,Chetumal,CKA,2024-06-01 / 2024-06-01,7
MX,Carmen,CKA,2024-06-01 / 2024-06-01,14
MX,Cancun,CKA,2024-06-01 / 2024-06-01,1022
MX,Tapachula,CKA,2024-06-01 / 2024-06-01,22
MX,Oaxaca,CKA,2024-06-01 / 2024-06-01,983
MX,Cuernavaca,CKA,2024-06-01 / 2024-06-01,1101
MX,Tlaxcala,CKA,2024-06-01 / 2024-06-01,57
MX,Campeche,CKA,2024-06-01 / 2024-06-01,33
MX,Morelia,CKA,2024-06-01 / 2024-06-01,1002
MX,Pachuca,CKA,2024-06-01 / 2024-06-01,220
MX,San Cristobal de las Casas,CKA,2024-06-01 / 2024-06-01,22
MX,Comitan de Dominguez,CKA,2024-06-01 / 2024-06-01,0
MX,Xalapa,CKA,2024-06-01 / 2024-06-01,52
MX,Cordoba,CKA,2024-06-01 / 2024-06-01,101
MX,Veracruz,CKA,2024-06-01 / 2024-06-01,349
MX,Merida,CKA,2024-06-01 / 2024-06-01,520
MX,Solidaridad,KA,2024-06-01 / 2024-06-01,391
MX,Veracruz,KA,2024-06-01 / 2024-06-01,1128
MX,Cuernavaca,KA,2024-06-01 / 2024-06-01,2324
MX,Acapulco,KA,2024-06-01 / 2024-06-01,638
MX,Morelia,KA,2024-06-01 / 2024-06-01,1160
MX,Cancun,KA,2024-06-01 / 2024-06-01,2508
MX,Xalapa,KA,2024-06-01 / 2024-06-01,481
MX,Puebla,CKA,2024-06-01 / 2024-06-01,2113
MX,Puebla,KA,2024-06-01 / 2024-06-01,3517
MX,Puebla,DK,2024-06-01 / 2024-06-01,261
MX,Merida,KA,2024-06-01 / 2024-06-01,1573
MX,Merida,DK,2024-06-01 / 2024-06-01,65
MX,Ciudad Obregon,DK,2024-06-01 / 2024-06-01,2
MX,Guaymas,SME,2024-06-01 / 2024-06-01,0
MX,Navojoa,SME,2024-06-01 / 2024-06-01,302
MX,Mazatlan,DK,2024-06-01 / 2024-06-01,20
MX,Tijuana,DK,2024-06-01 / 2024-06-01,134
MX,Culiacan,DK,2024-06-01 / 2024-06-01,76
MX,Puerto Vallarta,DK,2024-06-01 / 2024-06-01,16
MX,Mexicali,DK,2024-06-01 / 2024-06-01,342
MX,Ensenada,DK,2024-06-01 / 2024-06-01,68
MX,Los Mochis-Guasave,DK,2024-06-01 / 2024-06-01,24
MX,Los Cabos,DK,2024-06-01 / 2024-06-01,4
MX,Nogales(SON),DK,2024-06-01 / 2024-06-01,-
MX,Tepic,DK,2024-06-01 / 2024-06-01,82
MX,Los Cabos,SME,2024-06-01 / 2024-06-01,706
MX,Los Mochis-Guasave,SME,2024-06-01 / 2024-06-01,877
MX,Manzanillo,SME,2024-06-01 / 2024-06-01,494
MX,La Paz,SME,2024-06-01 / 2024-06-01,1052
MX,Ciudad Obregon,SME,2024-06-01 / 2024-06-01,1185
MX,Mazatlan,SME,2024-06-01 / 2024-06-01,979
MX,Puerto Vallarta,SME,2024-06-01 / 2024-06-01,739
MX,Nogales(SON),SME,2024-06-01 / 2024-06-01,0
MX,Tijuana,SME,2024-06-01 / 2024-06-01,3252
MX,Tepic,SME,2024-06-01 / 2024-06-01,1575
MX,Guadalajara,SME,2024-06-01 / 2024-06-01,13008
MX,Hermosillo,SME,2024-06-01 / 2024-06-01,1674
MX,Ensenada,SME,2024-06-01 / 2024-06-01,2338
MX,Mexicali,SME,2024-06-01 / 2024-06-01,4550
MX,Colima,SME,2024-06-01 / 2024-06-01,1130
MX,Colima,DK,2024-06-01 / 2024-06-01,41
MX,La Paz,DK,2024-06-01 / 2024-06-01,70
MX,Culiacan,SME,2024-06-01 / 2024-06-01,2131
MX,Los Cabos,KA,2024-06-01 / 2024-06-01,647
MX,Navojoa,KA,2024-06-01 / 2024-06-01,233
MX,Los Mochis-Guasave,KA,2024-06-01 / 2024-06-01,663
MX,Los Cabos,CKA,2024-06-01 / 2024-06-01,188
MX,Guaymas,KA,2024-06-01 / 2024-06-01,0
MX,Ciudad Obregon,KA,2024-06-01 / 2024-06-01,769
MX,Hermosillo,DK,2024-06-01 / 2024-06-01,29
MX,La Paz,KA,2024-06-01 / 2024-06-01,769
MX,Nogales(SON),KA,2024-06-01 / 2024-06-01,0
MX,Colima,CKA,2024-06-01 / 2024-06-01,126
MX,Manzanillo,CKA,2024-06-01 / 2024-06-01,121
MX,La Paz,CKA,2024-06-01 / 2024-06-01,136
MX,Puerto Vallarta,CKA,2024-06-01 / 2024-06-01,128
MX,Nogales(SON),CKA,2024-06-01 / 2024-06-01,0
MX,Ensenada,CKA,2024-06-01 / 2024-06-01,708
MX,Navojoa,CKA,2024-06-01 / 2024-06-01,27
MX,Guaymas,CKA,2024-06-01 / 2024-06-01,0
MX,Ciudad Obregon,CKA,2024-06-01 / 2024-06-01,600
MX,Tepic,CKA,2024-06-01 / 2024-06-01,648
MX,Mazatlan,CKA,2024-06-01 / 2024-06-01,522
MX,Culiacan,CKA,2024-06-01 / 2024-06-01,2201
MX,Mexicali,CKA,2024-06-01 / 2024-06-01,3613
MX,Tijuana,CKA,2024-06-01 / 2024-06-01,1900
MX,Hermosillo,CKA,2024-06-01 / 2024-06-01,1217
MX,Los Mochis-Guasave,CKA,2024-06-01 / 2024-06-01,367
MX,Tepic,KA,2024-06-01 / 2024-06-01,976
MX,Tijuana,KA,2024-06-01 / 2024-06-01,3858
MX,Hermosillo,KA,2024-06-01 / 2024-06-01,1478
MX,Colima,KA,2024-06-01 / 2024-06-01,866
MX,Manzanillo,KA,2024-06-01 / 2024-06-01,595
MX,Mazatlan,KA,2024-06-01 / 2024-06-01,1098
MX,Puerto Vallarta,KA,2024-06-01 / 2024-06-01,598
MX,Mexicali,KA,2024-06-01 / 2024-06-01,3745
MX,Culiacan,KA,2024-06-01 / 2024-06-01,2114
MX,Ensenada,KA,2024-06-01 / 2024-06-01,1238
MX,Guadalajara,CKA,2024-06-01 / 2024-06-01,8329
MX,Guadalajara,KA,2024-06-01 / 2024-06-01,9700
MX,Guadalajara,DK,2024-06-01 / 2024-06-01,961
MX,Guanajuato,SME,2024-06-01 / 2024-06-01,-
MX,Nuevo Laredo,DK,2024-06-01 / 2024-06-01,44
MX,Valles City,SME,2024-06-01 / 2024-06-01,-
MX,San Miguel de Allende,SME,2024-06-01 / 2024-06-01,0
MX,Matamoros,DK,2024-06-01 / 2024-06-01,5
MX,Irapuato,DK,2024-06-01 / 2024-06-01,-
MX,Aguascalientes,DK,2024-06-01 / 2024-06-01,10
MX,Celaya,DK,2024-06-01 / 2024-06-01,1
MX,San Juan del Río,DK,2024-06-01 / 2024-06-01,0
MX,Victoria,DK,2024-06-01 / 2024-06-01,6
MX,Piedras Negras,SME,2024-06-01 / 2024-06-01,-
MX,Durango,DK,2024-06-01 / 2024-06-01,133
MX,Tampico,DK,2024-06-01 / 2024-06-01,12
MX,Torreon,DK,2024-06-01 / 2024-06-01,92
MX,Chihuahua,DK,2024-06-01 / 2024-06-01,83
MX,Delicias,KA,2024-06-01 / 2024-06-01,240
MX,Salamanca,DK,2024-06-01 / 2024-06-01,1
MX,Reynosa,DK,2024-06-01 / 2024-06-01,-
MX,San Luis Potosi,DK,2024-06-01 / 2024-06-01,87
MX,Leon,DK,2024-06-01 / 2024-06-01,33
MX,Nuevo Laredo,SME,2024-06-01 / 2024-06-01,644
MX,Monclova,SME,2024-06-01 / 2024-06-01,0
MX,Delicias,SME,2024-06-01 / 2024-06-01,486
MX,San Juan del Río,SME,2024-06-01 / 2024-06-01,445
MX,Queretaro,SME,2024-06-01 / 2024-06-01,2095
MX,San Luis Potosi,SME,2024-06-01 / 2024-06-01,2069
MX,Aguascalientes,SME,2024-06-01 / 2024-06-01,1414
MX,Tampico,SME,2024-06-01 / 2024-06-01,1322
MX,Jaurez CHIH,SME,2024-06-01 / 2024-06-01,4070
MX,Salamanca,SME,2024-06-01 / 2024-06-01,148
MX,Durango,SME,2024-06-01 / 2024-06-01,2517
MX,Leon,SME,2024-06-01 / 2024-06-01,1881
MX,Celaya,SME,2024-06-01 / 2024-06-01,601
MX,Zacatecas,SME,2024-06-01 / 2024-06-01,644
MX,Chihuahua,SME,2024-06-01 / 2024-06-01,1711
MX,Matamoros,SME,2024-06-01 / 2024-06-01,1192
MX,Irapuato,SME,2024-06-01 / 2024-06-01,559
MX,Victoria,SME,2024-06-01 / 2024-06-01,792
MX,Saltillo,SME,2024-06-01 / 2024-06-01,955
MX,Torreon,SME,2024-06-01 / 2024-06-01,1825
MX,Reynosa,SME,2024-06-01 / 2024-06-01,0
MX,Queretaro,DK,2024-06-01 / 2024-06-01,101
MX,Jaurez CHIH,DK,2024-06-01 / 2024-06-01,475
MX,Delicias,CKA,2024-06-01 / 2024-06-01,55
MX,San Juan del Río,KA,2024-06-01 / 2024-06-01,287
MX,San Miguel de Allende,CKA,2024-06-01 / 2024-06-01,0
MX,Piedras Negras,KA,2024-06-01 / 2024-06-01,0
MX,Valles City,KA,2024-06-01 / 2024-06-01,-
MX,Torreon,KA,2024-06-01 / 2024-06-01,2137
MX,Reynosa,KA,2024-06-01 / 2024-06-01,0
MX,Zacatecas,KA,2024-06-01 / 2024-06-01,509
MX,Matamoros,KA,2024-06-01 / 2024-06-01,1182
MX,Victoria,KA,2024-06-01 / 2024-06-01,1014
MX,San Miguel de Allende,KA,2024-06-01 / 2024-06-01,0
MX,Tampico,KA,2024-06-01 / 2024-06-01,1180
MX,Durango,KA,2024-06-01 / 2024-06-01,1406
MX,Valles City,CKA,2024-06-01 / 2024-06-01,-
MX,Irapuato,CKA,2024-06-01 / 2024-06-01,116
MX,Salamanca,CKA,2024-06-01 / 2024-06-01,31
MX,Celaya,CKA,2024-06-01 / 2024-06-01,235
MX,Nuevo Laredo,CKA,2024-06-01 / 2024-06-01,74
MX,Reynosa,CKA,2024-06-01 / 2024-06-01,0
MX,Matamoros,CKA,2024-06-01 / 2024-06-01,299
MX,Piedras Negras,CKA,2024-06-01 / 2024-06-01,-
MX,Monclova,CKA,2024-06-01 / 2024-06-01,0
MX,Torreon,CKA,2024-06-01 / 2024-06-01,714
MX,Monterrey,SME,2024-06-01 / 2024-06-01,8745
MX,Chihuahua,CKA,2024-06-01 / 2024-06-01,2864
MX,Durango,CKA,2024-06-01 / 2024-06-01,1367
MX,San Juan del Río,CKA,2024-06-01 / 2024-06-01,70
MX,Jaurez CHIH,CKA,2024-06-01 / 2024-06-01,3579
MX,Victoria,CKA,2024-06-01 / 2024-06-01,189
MX,Saltillo,CKA,2024-06-01 / 2024-06-01,743
MX,Monterrey,CKA,2024-06-01 / 2024-06-01,6236
MX,Aguascalientes,CKA,2024-06-01 / 2024-06-01,539
MX,Zacatecas,CKA,2024-06-01 / 2024-06-01,174
MX,Tampico,CKA,2024-06-01 / 2024-06-01,792
MX,Jaurez CHIH,KA,2024-06-01 / 2024-06-01,3884
MX,Chihuahua,KA,2024-06-01 / 2024-06-01,2001
MX,Monclova,KA,2024-06-01 / 2024-06-01,0
MX,Nuevo Laredo,KA,2024-06-01 / 2024-06-01,1275
MX,Salamanca,KA,2024-06-01 / 2024-06-01,145
MX,San Luis Potosi,KA,2024-06-01 / 2024-06-01,1191
MX,Queretaro,KA,2024-06-01 / 2024-06-01,2158
MX,Leon,KA,2024-06-01 / 2024-06-01,1624
MX,Irapuato,KA,2024-06-01 / 2024-06-01,541
MX,Aguascalientes,KA,2024-06-01 / 2024-06-01,904
MX,Celaya,KA,2024-06-01 / 2024-06-01,710
MX,Leon,CKA,2024-06-01 / 2024-06-01,692
MX,San Luis Potosi,CKA,2024-06-01 / 2024-06-01,613
MX,Queretaro,CKA,2024-06-01 / 2024-06-01,1410
MX,Monterrey,KA,2024-06-01 / 2024-06-01,18329
MX,Monterrey,DK,2024-06-01 / 2024-06-01,3222
MX,Saltillo,KA,2024-06-01 / 2024-06-01,2502
MX,Saltillo,DK,2024-06-01 / 2024-06-01,72
MX,Mexico City,SME,2024-06-01 / 2024-06-01,19772
MX,Mexico City,CKA,2024-06-01 / 2024-06-01,12587
MX,Mexico City,DK,2024-06-01 / 2024-06-01,2297
MX,Mexico City,KA,2024-06-01 / 2024-06-01,37044
MX,Toluca,SME,2024-06-01 / 2024-06-01,1882
MX,Toluca,CKA,2024-06-01 / 2024-06-01,1083
MX,Toluca,KA,2024-06-01 / 2024-06-01,2691
MX,Toluca,DK,2024-06-01 / 2024-06-01,186
CO,Ibagué,SME,2024-06-01 / 2024-06-01,0
CO,Valledupar,SME,2024-06-01 / 2024-06-01,0
CO,Santa marta,SME,2024-06-01 / 2024-06-01,0
CO,Bucaramanga,SME,2024-06-01 / 2024-06-01,482
CO,Manizales,SME,2024-06-01 / 2024-06-01,0
CO,Barranquilla,SME,2024-06-01 / 2024-06-01,1714
CO,Cali,SME,2024-06-01 / 2024-06-01,3080
CO,Villavicencio,SME,2024-06-01 / 2024-06-01,0
CO,Cartagena,SME,2024-06-01 / 2024-06-01,100
CO,Pereira,SME,2024-06-01 / 2024-06-01,0
CO,Cúcuta,SME,2024-06-01 / 2024-06-01,50
CO,Villavicencio,DK,2024-06-01 / 2024-06-01,-
CO,Valledupar,DK,2024-06-01 / 2024-06-01,-
CO,Cúcuta,DK,2024-06-01 / 2024-06-01,8
CO,Manizales,DK,2024-06-01 / 2024-06-01,-
CO,Ibagué,DK,2024-06-01 / 2024-06-01,-
CO,Pereira,DK,2024-06-01 / 2024-06-01,0
CO,Medellín,SME,2024-06-01 / 2024-06-01,5863
CO,Manizales,KA,2024-06-01 / 2024-06-01,0
CO,Santa marta,KA,2024-06-01 / 2024-06-01,0
CO,Ibagué,KA,2024-06-01 / 2024-06-01,0
CO,Barranquilla,DK,2024-06-01 / 2024-06-01,654
CO,Cartagena,DK,2024-06-01 / 2024-06-01,7
CO,Cali,KA,2024-06-01 / 2024-06-01,3026
CO,Pereira,KA,2024-06-01 / 2024-06-01,0
CO,Cúcuta,KA,2024-06-01 / 2024-06-01,130
CO,Valledupar,KA,2024-06-01 / 2024-06-01,0
CO,Barranquilla,KA,2024-06-01 / 2024-06-01,1421
CO,Bucaramanga,DK,2024-06-01 / 2024-06-01,66
CO,Villavicencio,KA,2024-06-01 / 2024-06-01,0
CO,Santa marta,DK,2024-06-01 / 2024-06-01,0
CO,Cali,DK,2024-06-01 / 2024-06-01,264
CO,Bogotá D.C.,DK,2024-06-01 / 2024-06-01,1592
CO,Medellín,DK,2024-06-01 / 2024-06-01,875
CO,Bogotá D.C.,SME,2024-06-01 / 2024-06-01,6233
CO,Bogotá D.C.,KA,2024-06-01 / 2024-06-01,7405
CO,Bucaramanga,KA,2024-06-01 / 2024-06-01,419
CO,Cartagena,KA,2024-06-01 / 2024-06-01,220
CO,Medellín,KA,2024-06-01 / 2024-06-01,4969
CO,Santa marta,CKA,2024-06-01 / 2024-06-01,-
CO,Villavicencio,CKA,2024-06-01 / 2024-06-01,0
CO,Valledupar,CKA,2024-06-01 / 2024-06-01,0
CO,Cúcuta,CKA,2024-06-01 / 2024-06-01,1
CO,Barranquilla,CKA,2024-06-01 / 2024-06-01,720
CO,Cartagena,CKA,2024-06-01 / 2024-06-01,28
CO,Manizales,CKA,2024-06-01 / 2024-06-01,0
CO,Medellín,CKA,2024-06-01 / 2024-06-01,4580
CO,Ibagué,CKA,2024-06-01 / 2024-06-01,0
CO,Bucaramanga,CKA,2024-06-01 / 2024-06-01,279
CO,Cali,CKA,2024-06-01 / 2024-06-01,1381
CO,Pereira,CKA,2024-06-01 / 2024-06-01,0
CO,Bogotá D.C.,CKA,2024-06-01 / 2024-06-01,6511
CR,Limon,SME,2024-06-01 / 2024-06-01,-
CR,Liberia,SME,2024-06-01 / 2024-06-01,-
CR,Liberia,CKA,2024-06-01 / 2024-06-01,-
CR,Liberia,KA,2024-06-01 / 2024-06-01,-
CR,Limon,KA,2024-06-01 / 2024-06-01,-
CR,San Jose,SME,2024-06-01 / 2024-06-01,2257
CR,Limon,CKA,2024-06-01 / 2024-06-01,-
CR,San Jose,CKA,2024-06-01 / 2024-06-01,2028
CR,San Jose,KA,2024-06-01 / 2024-06-01,7547
PE,Arequipa,SME,2024-06-01 / 2024-06-01,-
PE,Trujillo,SME,2024-06-01 / 2024-06-01,-
PE,Lima,SME,2024-06-01 / 2024-06-01,2477
PE,Arequipa,KA,2024-06-01 / 2024-06-01,-
PE,Lima,KA,2024-06-01 / 2024-06-01,3434
PE,Trujillo,KA,2024-06-01 / 2024-06-01,-
PE,Lima,DK,2024-06-01 / 2024-06-01,746
PE,Trujillo,CKA,2024-06-01 / 2024-06-01,-
PE,Arequipa,CKA,2024-06-01 / 2024-06-01,-
PE,Lima,CKA,2024-06-01 / 2024-06-01,1546
MX,Chilpancingo de los Bravo,SME,2024-05-01 / 2024-05-01,0
MX,Cordoba,SME,2024-05-01 / 2024-05-01,536
MX,Orizaba,SME,2024-05-01 / 2024-05-01,0
MX,Zamora,SME,2024-05-01 / 2024-05-01,-
MX,Tlaxcala,DK,2024-05-01 / 2024-05-01,0
MX,Uruapan,SME,2024-05-01 / 2024-05-01,0
MX,Carmen,SME,2024-05-01 / 2024-05-01,193
MX,La Piedad,SME,2024-05-01 / 2024-05-01,-
MX,Comitan de Dominguez,SME,2024-05-01 / 2024-05-01,-
MX,Oaxaca,DK,2024-05-01 / 2024-05-01,50
MX,Chetumal,DK,2024-05-01 / 2024-05-01,30
MX,Tulancingo,SME,2024-05-01 / 2024-05-01,-
MX,Coatzacoalcos,DK,2024-05-01 / 2024-05-01,6
MX,Abejones,SME,2024-05-01 / 2024-05-01,-
MX,Tapachula,DK,2024-05-01 / 2024-05-01,2
MX,Las Choapas,SME,2024-05-01 / 2024-05-01,92
MX,Apizaco,SME,2024-05-01 / 2024-05-01,-
MX,Minatitlan,SME,2024-05-01 / 2024-05-01,-
MX,Campeche,DK,2024-05-01 / 2024-05-01,2
MX,Solidaridad,DK,2024-05-01 / 2024-05-01,5
MX,Pachuca,DK,2024-05-01 / 2024-05-01,-
MX,Cordoba,DK,2024-05-01 / 2024-05-01,-
MX,Acapulco,DK,2024-05-01 / 2024-05-01,-
MX,Zamora,KA,2024-05-01 / 2024-05-01,-
MX,Veracruz,DK,2024-05-01 / 2024-05-01,12
MX,Villahermosa,DK,2024-05-01 / 2024-05-01,72
MX,Poza Rica de Hidalgo,DK,2024-05-01 / 2024-05-01,-
MX,Las Choapas,DK,2024-05-01 / 2024-05-01,-
MX,Tehuacan,DK,2024-05-01 / 2024-05-01,0
MX,Morelia,DK,2024-05-01 / 2024-05-01,47
MX,Xalapa,DK,2024-05-01 / 2024-05-01,7
MX,Poza Rica de Hidalgo,SME,2024-05-01 / 2024-05-01,155
MX,Tehuacan,SME,2024-05-01 / 2024-05-01,261
MX,Puebla,SME,2024-05-01 / 2024-05-01,3205
MX,Cuernavaca,SME,2024-05-01 / 2024-05-01,1794
MX,Merida,SME,2024-05-01 / 2024-05-01,1221
MX,Oaxaca,SME,2024-05-01 / 2024-05-01,1364
MX,Chetumal,SME,2024-05-01 / 2024-05-01,205
MX,Acapulco,SME,2024-05-01 / 2024-05-01,265
MX,San Cristobal de las Casas,SME,2024-05-01 / 2024-05-01,217
MX,Solidaridad,SME,2024-05-01 / 2024-05-01,219
MX,Tapachula,SME,2024-05-01 / 2024-05-01,206
MX,Cancun,SME,2024-05-01 / 2024-05-01,1650
MX,Coatzacoalcos,SME,2024-05-01 / 2024-05-01,227
MX,Pachuca,SME,2024-05-01 / 2024-05-01,482
MX,Xalapa,SME,2024-05-01 / 2024-05-01,310
MX,Veracruz,SME,2024-05-01 / 2024-05-01,1141
MX,Tuxtla Gutierrez,SME,2024-05-01 / 2024-05-01,1917
MX,Villahermosa,SME,2024-05-01 / 2024-05-01,1474
MX,Morelia,SME,2024-05-01 / 2024-05-01,2378
MX,Tlaxcala,SME,2024-05-01 / 2024-05-01,434
MX,Campeche,SME,2024-05-01 / 2024-05-01,511
MX,Cuernavaca,DK,2024-05-01 / 2024-05-01,32
MX,Poza Rica de Hidalgo,CKA,2024-05-01 / 2024-05-01,17
MX,Las Choapas,CKA,2024-05-01 / 2024-05-01,6
MX,Acapulco,CKA,2024-05-01 / 2024-05-01,25
MX,Cancun,DK,2024-05-01 / 2024-05-01,109
MX,Tehuacan,KA,2024-05-01 / 2024-05-01,219
MX,Comitan de Dominguez,KA,2024-05-01 / 2024-05-01,0
MX,San Cristobal de las Casas,KA,2024-05-01 / 2024-05-01,215
MX,Tapachula,KA,2024-05-01 / 2024-05-01,295
MX,Tulancingo,KA,2024-05-01 / 2024-05-01,-
MX,Campeche,KA,2024-05-01 / 2024-05-01,321
MX,Chilpancingo de los Bravo,KA,2024-05-01 / 2024-05-01,0
MX,Poza Rica de Hidalgo,KA,2024-05-01 / 2024-05-01,133
MX,Chilpancingo de los Bravo,CKA,2024-05-01 / 2024-05-01,-
MX,Chetumal,KA,2024-05-01 / 2024-05-01,357
MX,Villahermosa,KA,2024-05-01 / 2024-05-01,1907
MX,Tlaxcala,KA,2024-05-01 / 2024-05-01,356
MX,Pachuca,KA,2024-05-01 / 2024-05-01,506
MX,Tuxtla Gutierrez,KA,2024-05-01 / 2024-05-01,1450
MX,Las Choapas,KA,2024-05-01 / 2024-05-01,116
MX,Uruapan,KA,2024-05-01 / 2024-05-01,0
MX,Carmen,KA,2024-05-01 / 2024-05-01,454
MX,Cordoba,KA,2024-05-01 / 2024-05-01,579
MX,Coatzacoalcos,KA,2024-05-01 / 2024-05-01,503
MX,Oaxaca,KA,2024-05-01 / 2024-05-01,1072
MX,Tehuacan,CKA,2024-05-01 / 2024-05-01,43
MX,Uruapan,CKA,2024-05-01 / 2024-05-01,0
MX,Coatzacoalcos,CKA,2024-05-01 / 2024-05-01,52
MX,Zamora,CKA,2024-05-01 / 2024-05-01,-
MX,Solidaridad,CKA,2024-05-01 / 2024-05-01,50
MX,Chetumal,CKA,2024-05-01 / 2024-05-01,5
MX,Villahermosa,CKA,2024-05-01 / 2024-05-01,1510
MX,Carmen,CKA,2024-05-01 / 2024-05-01,11
MX,Tuxtla Gutierrez,CKA,2024-05-01 / 2024-05-01,227
MX,Cancun,CKA,2024-05-01 / 2024-05-01,1079
MX,Tapachula,CKA,2024-05-01 / 2024-05-01,22
MX,Oaxaca,CKA,2024-05-01 / 2024-05-01,1014
MX,Cuernavaca,CKA,2024-05-01 / 2024-05-01,1106
MX,Campeche,CKA,2024-05-01 / 2024-05-01,38
MX,Tlaxcala,CKA,2024-05-01 / 2024-05-01,56
MX,Morelia,CKA,2024-05-01 / 2024-05-01,1040
MX,Pachuca,CKA,2024-05-01 / 2024-05-01,224
MX,Xalapa,CKA,2024-05-01 / 2024-05-01,60
MX,Comitan de Dominguez,CKA,2024-05-01 / 2024-05-01,0
MX,Cordoba,CKA,2024-05-01 / 2024-05-01,117
MX,San Cristobal de las Casas,CKA,2024-05-01 / 2024-05-01,23
MX,Veracruz,CKA,2024-05-01 / 2024-05-01,393
MX,Merida,CKA,2024-05-01 / 2024-05-01,571
MX,Veracruz,KA,2024-05-01 / 2024-05-01,1141
MX,Cuernavaca,KA,2024-05-01 / 2024-05-01,2311
MX,Xalapa,KA,2024-05-01 / 2024-05-01,451
MX,Morelia,KA,2024-05-01 / 2024-05-01,1211
MX,Solidaridad,KA,2024-05-01 / 2024-05-01,376
MX,Cancun,KA,2024-05-01 / 2024-05-01,2344
MX,Acapulco,KA,2024-05-01 / 2024-05-01,620
MX,Puebla,CKA,2024-05-01 / 2024-05-01,2108
MX,Merida,DK,2024-05-01 / 2024-05-01,83
MX,Puebla,DK,2024-05-01 / 2024-05-01,288
MX,Puebla,KA,2024-05-01 / 2024-05-01,3523
MX,Merida,KA,2024-05-01 / 2024-05-01,1716
MX,Guaymas,SME,2024-05-01 / 2024-05-01,0
MX,Navojoa,SME,2024-05-01 / 2024-05-01,278
MX,Ciudad Obregon,DK,2024-05-01 / 2024-05-01,2
MX,Mazatlan,DK,2024-05-01 / 2024-05-01,21
MX,Tijuana,DK,2024-05-01 / 2024-05-01,138
MX,Culiacan,DK,2024-05-01 / 2024-05-01,78
MX,Puerto Vallarta,DK,2024-05-01 / 2024-05-01,17
MX,Mexicali,DK,2024-05-01 / 2024-05-01,342
MX,Ensenada,DK,2024-05-01 / 2024-05-01,68
MX,Los Mochis-Guasave,DK,2024-05-01 / 2024-05-01,29
MX,Los Cabos,DK,2024-05-01 / 2024-05-01,3
MX,Nogales(SON),DK,2024-05-01 / 2024-05-01,-
MX,Tepic,DK,2024-05-01 / 2024-05-01,81
MX,Colima,SME,2024-05-01 / 2024-05-01,1093
MX,Mazatlan,SME,2024-05-01 / 2024-05-01,981
MX,Los Cabos,SME,2024-05-01 / 2024-05-01,704
MX,Nogales(SON),SME,2024-05-01 / 2024-05-01,0
MX,Ciudad Obregon,SME,2024-05-01 / 2024-05-01,1068
MX,Ensenada,SME,2024-05-01 / 2024-05-01,2287
MX,Tepic,SME,2024-05-01 / 2024-05-01,1590
MX,Puerto Vallarta,SME,2024-05-01 / 2024-05-01,736
MX,Tijuana,SME,2024-05-01 / 2024-05-01,3187
MX,Manzanillo,SME,2024-05-01 / 2024-05-01,472
MX,Los Mochis-Guasave,SME,2024-05-01 / 2024-05-01,863
MX,Hermosillo,SME,2024-05-01 / 2024-05-01,1646
MX,Guadalajara,SME,2024-05-01 / 2024-05-01,13049
MX,La Paz,SME,2024-05-01 / 2024-05-01,1052
MX,Mexicali,SME,2024-05-01 / 2024-05-01,4388
MX,La Paz,DK,2024-05-01 / 2024-05-01,91
MX,Colima,DK,2024-05-01 / 2024-05-01,46
MX,Culiacan,SME,2024-05-01 / 2024-05-01,2088
MX,Los Cabos,KA,2024-05-01 / 2024-05-01,607
MX,Los Mochis-Guasave,KA,2024-05-01 / 2024-05-01,678
MX,Navojoa,KA,2024-05-01 / 2024-05-01,216
MX,Los Cabos,CKA,2024-05-01 / 2024-05-01,178
MX,Guaymas,KA,2024-05-01 / 2024-05-01,0
MX,Ciudad Obregon,KA,2024-05-01 / 2024-05-01,754
MX,Hermosillo,DK,2024-05-01 / 2024-05-01,30
MX,La Paz,KA,2024-05-01 / 2024-05-01,768
MX,Nogales(SON),KA,2024-05-01 / 2024-05-01,0
MX,Colima,CKA,2024-05-01 / 2024-05-01,121
MX,Manzanillo,CKA,2024-05-01 / 2024-05-01,117
MX,La Paz,CKA,2024-05-01 / 2024-05-01,142
MX,Puerto Vallarta,CKA,2024-05-01 / 2024-05-01,123
MX,Nogales(SON),CKA,2024-05-01 / 2024-05-01,0
MX,Ensenada,CKA,2024-05-01 / 2024-05-01,650
MX,Navojoa,CKA,2024-05-01 / 2024-05-01,29
MX,Guaymas,CKA,2024-05-01 / 2024-05-01,0
MX,Tepic,CKA,2024-05-01 / 2024-05-01,641
MX,Ciudad Obregon,CKA,2024-05-01 / 2024-05-01,604
MX,Mazatlan,CKA,2024-05-01 / 2024-05-01,507
MX,Culiacan,CKA,2024-05-01 / 2024-05-01,2222
MX,Tijuana,CKA,2024-05-01 / 2024-05-01,1824
MX,Mexicali,CKA,2024-05-01 / 2024-05-01,3363
MX,Hermosillo,CKA,2024-05-01 / 2024-05-01,1222
MX,Los Mochis-Guasave,CKA,2024-05-01 / 2024-05-01,357
MX,Mazatlan,KA,2024-05-01 / 2024-05-01,1166
MX,Mexicali,KA,2024-05-01 / 2024-05-01,3650
MX,Manzanillo,KA,2024-05-01 / 2024-05-01,580
MX,Tijuana,KA,2024-05-01 / 2024-05-01,3783
MX,Ensenada,KA,2024-05-01 / 2024-05-01,1181
MX,Colima,KA,2024-05-01 / 2024-05-01,867
MX,Hermosillo,KA,2024-05-01 / 2024-05-01,1445
MX,Puerto Vallarta,KA,2024-05-01 / 2024-05-01,587
MX,Tepic,KA,2024-05-01 / 2024-05-01,1041
MX,Culiacan,KA,2024-05-01 / 2024-05-01,2171
MX,Guadalajara,CKA,2024-05-01 / 2024-05-01,8299
MX,Guadalajara,KA,2024-05-01 / 2024-05-01,9605
MX,Guadalajara,DK,2024-05-01 / 2024-05-01,1019
MX,Valles City,SME,2024-05-01 / 2024-05-01,-
MX,Nuevo Laredo,DK,2024-05-01 / 2024-05-01,35
MX,San Miguel de Allende,SME,2024-05-01 / 2024-05-01,0
MX,Guanajuato,SME,2024-05-01 / 2024-05-01,-
MX,Matamoros,DK,2024-05-01 / 2024-05-01,5
MX,Irapuato,DK,2024-05-01 / 2024-05-01,-
MX,Aguascalientes,DK,2024-05-01 / 2024-05-01,17
MX,Celaya,DK,2024-05-01 / 2024-05-01,1
MX,San Juan del Río,DK,2024-05-01 / 2024-05-01,0
MX,Victoria,DK,2024-05-01 / 2024-05-01,5
MX,Piedras Negras,SME,2024-05-01 / 2024-05-01,-
MX,Durango,DK,2024-05-01 / 2024-05-01,139
MX,Tampico,DK,2024-05-01 / 2024-05-01,11
MX,Torreon,DK,2024-05-01 / 2024-05-01,91
MX,Chihuahua,DK,2024-05-01 / 2024-05-01,87
MX,Delicias,KA,2024-05-01 / 2024-05-01,228
MX,Reynosa,DK,2024-05-01 / 2024-05-01,-
MX,Salamanca,DK,2024-05-01 / 2024-05-01,1
MX,San Luis Potosi,DK,2024-05-01 / 2024-05-01,85
MX,Matamoros,SME,2024-05-01 / 2024-05-01,1232
MX,San Luis Potosi,SME,2024-05-01 / 2024-05-01,2140
MX,Chihuahua,SME,2024-05-01 / 2024-05-01,1742
MX,Zacatecas,SME,2024-05-01 / 2024-05-01,639
MX,Jaurez CHIH,SME,2024-05-01 / 2024-05-01,3866
MX,Celaya,SME,2024-05-01 / 2024-05-01,608
MX,Leon,SME,2024-05-01 / 2024-05-01,1814
MX,San Juan del Río,SME,2024-05-01 / 2024-05-01,443
MX,Monclova,SME,2024-05-01 / 2024-05-01,0
MX,Durango,SME,2024-05-01 / 2024-05-01,2477
MX,Queretaro,SME,2024-05-01 / 2024-05-01,2259
MX,Victoria,SME,2024-05-01 / 2024-05-01,859
MX,Aguascalientes,SME,2024-05-01 / 2024-05-01,1430
MX,Saltillo,SME,2024-05-01 / 2024-05-01,887
MX,Salamanca,SME,2024-05-01 / 2024-05-01,137
MX,Delicias,SME,2024-05-01 / 2024-05-01,466
MX,Nuevo Laredo,SME,2024-05-01 / 2024-05-01,598
MX,Tampico,SME,2024-05-01 / 2024-05-01,1380
MX,Leon,DK,2024-05-01 / 2024-05-01,30
MX,Irapuato,SME,2024-05-01 / 2024-05-01,506
MX,Torreon,SME,2024-05-01 / 2024-05-01,1867
MX,Reynosa,SME,2024-05-01 / 2024-05-01,0
MX,Queretaro,DK,2024-05-01 / 2024-05-01,128
MX,Jaurez CHIH,DK,2024-05-01 / 2024-05-01,485
MX,Delicias,CKA,2024-05-01 / 2024-05-01,54
MX,San Juan del Río,KA,2024-05-01 / 2024-05-01,290
MX,San Miguel de Allende,CKA,2024-05-01 / 2024-05-01,0
MX,Piedras Negras,KA,2024-05-01 / 2024-05-01,0
MX,Durango,KA,2024-05-01 / 2024-05-01,1407
MX,Matamoros,KA,2024-05-01 / 2024-05-01,1200
MX,Torreon,KA,2024-05-01 / 2024-05-01,2050
MX,Zacatecas,KA,2024-05-01 / 2024-05-01,518
MX,Victoria,KA,2024-05-01 / 2024-05-01,1068
MX,Tampico,KA,2024-05-01 / 2024-05-01,1277
MX,San Miguel de Allende,KA,2024-05-01 / 2024-05-01,0
MX,Valles City,KA,2024-05-01 / 2024-05-01,-
MX,Reynosa,KA,2024-05-01 / 2024-05-01,0
MX,Irapuato,CKA,2024-05-01 / 2024-05-01,115
MX,Valles City,CKA,2024-05-01 / 2024-05-01,-
MX,Salamanca,CKA,2024-05-01 / 2024-05-01,30
MX,Celaya,CKA,2024-05-01 / 2024-05-01,246
MX,Nuevo Laredo,CKA,2024-05-01 / 2024-05-01,78
MX,Piedras Negras,CKA,2024-05-01 / 2024-05-01,-
MX,Matamoros,CKA,2024-05-01 / 2024-05-01,327
MX,Reynosa,CKA,2024-05-01 / 2024-05-01,0
MX,Torreon,CKA,2024-05-01 / 2024-05-01,754
MX,Monclova,CKA,2024-05-01 / 2024-05-01,0
MX,Monterrey,SME,2024-05-01 / 2024-05-01,9124
MX,Durango,CKA,2024-05-01 / 2024-05-01,1404
MX,Chihuahua,CKA,2024-05-01 / 2024-05-01,2726
MX,San Juan del Río,CKA,2024-05-01 / 2024-05-01,61
MX,Victoria,CKA,2024-05-01 / 2024-05-01,202
MX,Jaurez CHIH,CKA,2024-05-01 / 2024-05-01,3811
MX,Saltillo,CKA,2024-05-01 / 2024-05-01,708
MX,Monterrey,CKA,2024-05-01 / 2024-05-01,6432
MX,Aguascalientes,CKA,2024-05-01 / 2024-05-01,531
MX,Zacatecas,CKA,2024-05-01 / 2024-05-01,157
MX,Tampico,CKA,2024-05-01 / 2024-05-01,735
MX,Jaurez CHIH,KA,2024-05-01 / 2024-05-01,3715
MX,Queretaro,KA,2024-05-01 / 2024-05-01,2302
MX,Salamanca,KA,2024-05-01 / 2024-05-01,143
MX,Nuevo Laredo,KA,2024-05-01 / 2024-05-01,1262
MX,Aguascalientes,KA,2024-05-01 / 2024-05-01,941
MX,San Luis Potosi,KA,2024-05-01 / 2024-05-01,1203
MX,Monclova,KA,2024-05-01 / 2024-05-01,0
MX,Leon,KA,2024-05-01 / 2024-05-01,1551
MX,Chihuahua,KA,2024-05-01 / 2024-05-01,1986
MX,Celaya,KA,2024-05-01 / 2024-05-01,703
MX,Irapuato,KA,2024-05-01 / 2024-05-01,551
MX,Leon,CKA,2024-05-01 / 2024-05-01,651
MX,San Luis Potosi,CKA,2024-05-01 / 2024-05-01,618
MX,Queretaro,CKA,2024-05-01 / 2024-05-01,1529
MX,Saltillo,KA,2024-05-01 / 2024-05-01,2446
MX,Monterrey,DK,2024-05-01 / 2024-05-01,3220
MX,Saltillo,DK,2024-05-01 / 2024-05-01,94
MX,Monterrey,KA,2024-05-01 / 2024-05-01,18757
MX,Mexico City,SME,2024-05-01 / 2024-05-01,19742
MX,Mexico City,CKA,2024-05-01 / 2024-05-01,12617
MX,Mexico City,KA,2024-05-01 / 2024-05-01,37202
MX,Mexico City,DK,2024-05-01 / 2024-05-01,2312
MX,Toluca,SME,2024-05-01 / 2024-05-01,1857
MX,Toluca,CKA,2024-05-01 / 2024-05-01,1115
MX,Toluca,KA,2024-05-01 / 2024-05-01,2713
MX,Toluca,DK,2024-05-01 / 2024-05-01,188
CO,Valledupar,SME,2024-05-01 / 2024-05-01,0
CO,Santa marta,SME,2024-05-01 / 2024-05-01,0
CO,Ibagué,SME,2024-05-01 / 2024-05-01,0
CO,Barranquilla,SME,2024-05-01 / 2024-05-01,1562
CO,Manizales,SME,2024-05-01 / 2024-05-01,0
CO,Cali,SME,2024-05-01 / 2024-05-01,2625
CO,Pereira,SME,2024-05-01 / 2024-05-01,0
CO,Villavicencio,SME,2024-05-01 / 2024-05-01,0
CO,Cúcuta,SME,2024-05-01 / 2024-05-01,50
CO,Bucaramanga,SME,2024-05-01 / 2024-05-01,448
CO,Cartagena,SME,2024-05-01 / 2024-05-01,85
CO,Villavicencio,DK,2024-05-01 / 2024-05-01,-
CO,Valledupar,DK,2024-05-01 / 2024-05-01,-
CO,Cúcuta,DK,2024-05-01 / 2024-05-01,5
CO,Ibagué,DK,2024-05-01 / 2024-05-01,-
CO,Manizales,DK,2024-05-01 / 2024-05-01,-
CO,Pereira,DK,2024-05-01 / 2024-05-01,0
CO,Medellín,SME,2024-05-01 / 2024-05-01,5227
CO,Bogotá D.C.,SME,2024-05-01 / 2024-05-01,5438
CO,Manizales,KA,2024-05-01 / 2024-05-01,0
CO,Ibagué,KA,2024-05-01 / 2024-05-01,0
CO,Santa marta,KA,2024-05-01 / 2024-05-01,0
CO,Pereira,KA,2024-05-01 / 2024-05-01,0
CO,Bucaramanga,DK,2024-05-01 / 2024-05-01,70
CO,Cartagena,DK,2024-05-01 / 2024-05-01,9
CO,Cúcuta,KA,2024-05-01 / 2024-05-01,133
CO,Valledupar,KA,2024-05-01 / 2024-05-01,0
CO,Cali,KA,2024-05-01 / 2024-05-01,2791
CO,Santa marta,DK,2024-05-01 / 2024-05-01,0
CO,Barranquilla,KA,2024-05-01 / 2024-05-01,1455
CO,Barranquilla,DK,2024-05-01 / 2024-05-01,654
CO,Villavicencio,KA,2024-05-01 / 2024-05-01,0
CO,Cali,DK,2024-05-01 / 2024-05-01,280
CO,Medellín,DK,2024-05-01 / 2024-05-01,872
CO,Bogotá D.C.,DK,2024-05-01 / 2024-05-01,1630
CO,Bogotá D.C.,KA,2024-05-01 / 2024-05-01,6503
CO,Medellín,KA,2024-05-01 / 2024-05-01,4612
CO,Bucaramanga,KA,2024-05-01 / 2024-05-01,440
CO,Cartagena,KA,2024-05-01 / 2024-05-01,244
CO,Santa marta,CKA,2024-05-01 / 2024-05-01,-
CO,Villavicencio,CKA,2024-05-01 / 2024-05-01,0
CO,Valledupar,CKA,2024-05-01 / 2024-05-01,0
CO,Cúcuta,CKA,2024-05-01 / 2024-05-01,2
CO,Barranquilla,CKA,2024-05-01 / 2024-05-01,691
CO,Cartagena,CKA,2024-05-01 / 2024-05-01,33
CO,Medellín,CKA,2024-05-01 / 2024-05-01,4135
CO,Manizales,CKA,2024-05-01 / 2024-05-01,0
CO,Bucaramanga,CKA,2024-05-01 / 2024-05-01,286
CO,Ibagué,CKA,2024-05-01 / 2024-05-01,0
CO,Cali,CKA,2024-05-01 / 2024-05-01,1342
CO,Pereira,CKA,2024-05-01 / 2024-05-01,0
CO,Bogotá D.C.,CKA,2024-05-01 / 2024-05-01,5918
CR,Liberia,SME,2024-05-01 / 2024-05-01,-
CR,Limon,SME,2024-05-01 / 2024-05-01,-
CR,Liberia,CKA,2024-05-01 / 2024-05-01,-
CR,Limon,KA,2024-05-01 / 2024-05-01,-
CR,Liberia,KA,2024-05-01 / 2024-05-01,-
CR,San Jose,SME,2024-05-01 / 2024-05-01,2226
CR,Limon,CKA,2024-05-01 / 2024-05-01,-
CR,San Jose,KA,2024-05-01 / 2024-05-01,7658
CR,San Jose,CKA,2024-05-01 / 2024-05-01,2048
PE,Arequipa,SME,2024-05-01 / 2024-05-01,-
PE,Trujillo,SME,2024-05-01 / 2024-05-01,-
PE,Lima,SME,2024-05-01 / 2024-05-01,2242
PE,Trujillo,KA,2024-05-01 / 2024-05-01,-
PE,Lima,KA,2024-05-01 / 2024-05-01,3210
PE,Arequipa,KA,2024-05-01 / 2024-05-01,-
PE,Lima,DK,2024-05-01 / 2024-05-01,633
PE,Arequipa,CKA,2024-05-01 / 2024-05-01,-
PE,Trujillo,CKA,2024-05-01 / 2024-05-01,-
PE,Lima,CKA,2024-05-01 / 2024-05-01,1464
MX,Abejones,SME,2024-04-01 / 2024-04-01,-
MX,Chetumal,DK,2024-04-01 / 2024-04-01,25
MX,Las Choapas,SME,2024-04-01 / 2024-04-01,80
MX,Coatzacoalcos,DK,2024-04-01 / 2024-04-01,4
MX,Oaxaca,DK,2024-04-01 / 2024-04-01,56
MX,Apizaco,SME,2024-04-01 / 2024-04-01,-
MX,Campeche,DK,2024-04-01 / 2024-04-01,2
MX,Comitan de Dominguez,SME,2024-04-01 / 2024-04-01,-
MX,Minatitlan,SME,2024-04-01 / 2024-04-01,-
MX,La Piedad,SME,2024-04-01 / 2024-04-01,-
MX,Cordoba,SME,2024-04-01 / 2024-04-01,469
MX,Chilpancingo de los Bravo,SME,2024-04-01 / 2024-04-01,-
MX,Uruapan,SME,2024-04-01 / 2024-04-01,0
MX,Tapachula,DK,2024-04-01 / 2024-04-01,0
MX,Tlaxcala,DK,2024-04-01 / 2024-04-01,0
MX,Tulancingo,SME,2024-04-01 / 2024-04-01,-
MX,Carmen,SME,2024-04-01 / 2024-04-01,181
MX,Orizaba,SME,2024-04-01 / 2024-04-01,0
MX,Zamora,SME,2024-04-01 / 2024-04-01,-
MX,Solidaridad,DK,2024-04-01 / 2024-04-01,9
MX,Pachuca,DK,2024-04-01 / 2024-04-01,-
MX,Cordoba,DK,2024-04-01 / 2024-04-01,-
MX,Acapulco,DK,2024-04-01 / 2024-04-01,-
MX,Zamora,KA,2024-04-01 / 2024-04-01,-
MX,Veracruz,DK,2024-04-01 / 2024-04-01,10
MX,Poza Rica de Hidalgo,DK,2024-04-01 / 2024-04-01,-
MX,Las Choapas,DK,2024-04-01 / 2024-04-01,-
MX,Villahermosa,DK,2024-04-01 / 2024-04-01,57
MX,Tehuacan,DK,2024-04-01 / 2024-04-01,0
MX,Morelia,DK,2024-04-01 / 2024-04-01,43
MX,Xalapa,DK,2024-04-01 / 2024-04-01,7
MX,Pachuca,SME,2024-04-01 / 2024-04-01,451
MX,Villahermosa,SME,2024-04-01 / 2024-04-01,1435
MX,Chetumal,SME,2024-04-01 / 2024-04-01,188
MX,Acapulco,SME,2024-04-01 / 2024-04-01,240
MX,Coatzacoalcos,SME,2024-04-01 / 2024-04-01,184
MX,Tehuacan,SME,2024-04-01 / 2024-04-01,240
MX,Solidaridad,SME,2024-04-01 / 2024-04-01,204
MX,Tuxtla Gutierrez,SME,2024-04-01 / 2024-04-01,1836
MX,Tapachula,SME,2024-04-01 / 2024-04-01,209
MX,Veracruz,SME,2024-04-01 / 2024-04-01,1098
MX,Morelia,SME,2024-04-01 / 2024-04-01,2102
MX,Tlaxcala,SME,2024-04-01 / 2024-04-01,403
MX,Campeche,SME,2024-04-01 / 2024-04-01,483
MX,Puebla,SME,2024-04-01 / 2024-04-01,3105
MX,Cuernavaca,SME,2024-04-01 / 2024-04-01,1734
MX,Poza Rica de Hidalgo,SME,2024-04-01 / 2024-04-01,159
MX,Oaxaca,SME,2024-04-01 / 2024-04-01,1312
MX,San Cristobal de las Casas,SME,2024-04-01 / 2024-04-01,206
MX,Xalapa,SME,2024-04-01 / 2024-04-01,270
MX,Merida,SME,2024-04-01 / 2024-04-01,1242
MX,Cancun,SME,2024-04-01 / 2024-04-01,1586
MX,Cuernavaca,DK,2024-04-01 / 2024-04-01,29
MX,Poza Rica de Hidalgo,CKA,2024-04-01 / 2024-04-01,16
MX,Las Choapas,CKA,2024-04-01 / 2024-04-01,8
MX,Acapulco,CKA,2024-04-01 / 2024-04-01,23
MX,Cancun,DK,2024-04-01 / 2024-04-01,104
MX,Tulancingo,KA,2024-04-01 / 2024-04-01,-
MX,San Cristobal de las Casas,KA,2024-04-01 / 2024-04-01,213
MX,Comitan de Dominguez,KA,2024-04-01 / 2024-04-01,0
MX,Chilpancingo de los Bravo,KA,2024-04-01 / 2024-04-01,0
MX,Tehuacan,KA,2024-04-01 / 2024-04-01,203
MX,Campeche,KA,2024-04-01 / 2024-04-01,279
MX,Poza Rica de Hidalgo,KA,2024-04-01 / 2024-04-01,129
MX,Tapachula,KA,2024-04-01 / 2024-04-01,273
MX,Chilpancingo de los Bravo,CKA,2024-04-01 / 2024-04-01,-
MX,Chetumal,KA,2024-04-01 / 2024-04-01,355
MX,Coatzacoalcos,KA,2024-04-01 / 2024-04-01,452
MX,Villahermosa,KA,2024-04-01 / 2024-04-01,1841
MX,Pachuca,KA,2024-04-01 / 2024-04-01,486
MX,Tuxtla Gutierrez,KA,2024-04-01 / 2024-04-01,1502
MX,Uruapan,KA,2024-04-01 / 2024-04-01,0
MX,Las Choapas,KA,2024-04-01 / 2024-04-01,103
MX,Oaxaca,KA,2024-04-01 / 2024-04-01,1002
MX,Carmen,KA,2024-04-01 / 2024-04-01,414
MX,Cordoba,KA,2024-04-01 / 2024-04-01,570
MX,Tlaxcala,KA,2024-04-01 / 2024-04-01,342
MX,Tehuacan,CKA,2024-04-01 / 2024-04-01,44
MX,Coatzacoalcos,CKA,2024-04-01 / 2024-04-01,59
MX,Uruapan,CKA,2024-04-01 / 2024-04-01,0
MX,Zamora,CKA,2024-04-01 / 2024-04-01,-
MX,Solidaridad,CKA,2024-04-01 / 2024-04-01,48
MX,Carmen,CKA,2024-04-01 / 2024-04-01,10
MX,Chetumal,CKA,2024-04-01 / 2024-04-01,0
MX,Villahermosa,CKA,2024-04-01 / 2024-04-01,1515
MX,Tuxtla Gutierrez,CKA,2024-04-01 / 2024-04-01,225
MX,Cancun,CKA,2024-04-01 / 2024-04-01,1083
MX,Tapachula,CKA,2024-04-01 / 2024-04-01,21
MX,Oaxaca,CKA,2024-04-01 / 2024-04-01,1063
MX,Cuernavaca,CKA,2024-04-01 / 2024-04-01,1076
MX,Campeche,CKA,2024-04-01 / 2024-04-01,32
MX,Tlaxcala,CKA,2024-04-01 / 2024-04-01,56
MX,Morelia,CKA,2024-04-01 / 2024-04-01,986
MX,Pachuca,CKA,2024-04-01 / 2024-04-01,212
MX,Comitan de Dominguez,CKA,2024-04-01 / 2024-04-01,-
MX,Xalapa,CKA,2024-04-01 / 2024-04-01,62
MX,San Cristobal de las Casas,CKA,2024-04-01 / 2024-04-01,20
MX,Cordoba,CKA,2024-04-01 / 2024-04-01,119
MX,Veracruz,CKA,2024-04-01 / 2024-04-01,410
MX,Merida,CKA,2024-04-01 / 2024-04-01,602
MX,Xalapa,KA,2024-04-01 / 2024-04-01,429
MX,Morelia,KA,2024-04-01 / 2024-04-01,1060
MX,Cuernavaca,KA,2024-04-01 / 2024-04-01,2270
MX,Solidaridad,KA,2024-04-01 / 2024-04-01,352
MX,Cancun,KA,2024-04-01 / 2024-04-01,2443
MX,Veracruz,KA,2024-04-01 / 2024-04-01,1120
MX,Acapulco,KA,2024-04-01 / 2024-04-01,625
MX,Puebla,CKA,2024-04-01 / 2024-04-01,2091
MX,Puebla,KA,2024-04-01 / 2024-04-01,3617
MX,Puebla,DK,2024-04-01 / 2024-04-01,299
MX,Merida,KA,2024-04-01 / 2024-04-01,1816
MX,Merida,DK,2024-04-01 / 2024-04-01,88
MX,Guaymas,SME,2024-04-01 / 2024-04-01,0
MX,Ciudad Obregon,DK,2024-04-01 / 2024-04-01,2
MX,Navojoa,SME,2024-04-01 / 2024-04-01,260
MX,Mazatlan,DK,2024-04-01 / 2024-04-01,18
MX,Tijuana,DK,2024-04-01 / 2024-04-01,127
MX,Culiacan,DK,2024-04-01 / 2024-04-01,66
MX,Puerto Vallarta,DK,2024-04-01 / 2024-04-01,16
MX,Mexicali,DK,2024-04-01 / 2024-04-01,329
MX,Ensenada,DK,2024-04-01 / 2024-04-01,71
MX,Los Mochis-Guasave,DK,2024-04-01 / 2024-04-01,39
MX,Los Cabos,DK,2024-04-01 / 2024-04-01,5
MX,Tepic,DK,2024-04-01 / 2024-04-01,74
MX,Nogales(SON),DK,2024-04-01 / 2024-04-01,-
MX,Guadalajara,SME,2024-04-01 / 2024-04-01,12154
MX,Ensenada,SME,2024-04-01 / 2024-04-01,2176
MX,Tepic,SME,2024-04-01 / 2024-04-01,1567
MX,Colima,SME,2024-04-01 / 2024-04-01,1042
MX,Puerto Vallarta,SME,2024-04-01 / 2024-04-01,727
MX,Ciudad Obregon,SME,2024-04-01 / 2024-04-01,1020
MX,Los Cabos,SME,2024-04-01 / 2024-04-01,715
MX,Mexicali,SME,2024-04-01 / 2024-04-01,4107
MX,Mazatlan,SME,2024-04-01 / 2024-04-01,979
MX,Manzanillo,SME,2024-04-01 / 2024-04-01,434
MX,Tijuana,SME,2024-04-01 / 2024-04-01,2986
MX,Nogales(SON),SME,2024-04-01 / 2024-04-01,0
MX,La Paz,SME,2024-04-01 / 2024-04-01,972
MX,Hermosillo,SME,2024-04-01 / 2024-04-01,1639
MX,Los Mochis-Guasave,SME,2024-04-01 / 2024-04-01,854
MX,La Paz,DK,2024-04-01 / 2024-04-01,80
MX,Colima,DK,2024-04-01 / 2024-04-01,59
MX,Culiacan,SME,2024-04-01 / 2024-04-01,2015
MX,Los Cabos,CKA,2024-04-01 / 2024-04-01,168
MX,Guaymas,KA,2024-04-01 / 2024-04-01,0
MX,Ciudad Obregon,KA,2024-04-01 / 2024-04-01,708
MX,Los Mochis-Guasave,KA,2024-04-01 / 2024-04-01,688
MX,Los Cabos,KA,2024-04-01 / 2024-04-01,615
MX,Navojoa,KA,2024-04-01 / 2024-04-01,202
MX,Hermosillo,DK,2024-04-01 / 2024-04-01,26
MX,Nogales(SON),KA,2024-04-01 / 2024-04-01,0
MX,La Paz,KA,2024-04-01 / 2024-04-01,783
MX,Manzanillo,CKA,2024-04-01 / 2024-04-01,122
MX,Colima,CKA,2024-04-01 / 2024-04-01,121
MX,La Paz,CKA,2024-04-01 / 2024-04-01,143
MX,Puerto Vallarta,CKA,2024-04-01 / 2024-04-01,127
MX,Nogales(SON),CKA,2024-04-01 / 2024-04-01,0
MX,Ensenada,CKA,2024-04-01 / 2024-04-01,635
MX,Guaymas,CKA,2024-04-01 / 2024-04-01,0
MX,Navojoa,CKA,2024-04-01 / 2024-04-01,24
MX,Tepic,CKA,2024-04-01 / 2024-04-01,647
MX,Ciudad Obregon,CKA,2024-04-01 / 2024-04-01,550
MX,Mazatlan,CKA,2024-04-01 / 2024-04-01,487
MX,Culiacan,CKA,2024-04-01 / 2024-04-01,2203
MX,Tijuana,CKA,2024-04-01 / 2024-04-01,1777
MX,Mexicali,CKA,2024-04-01 / 2024-04-01,3199
MX,Hermosillo,CKA,2024-04-01 / 2024-04-01,1280
MX,Los Mochis-Guasave,CKA,2024-04-01 / 2024-04-01,372
MX,Puerto Vallarta,KA,2024-04-01 / 2024-04-01,594
MX,Hermosillo,KA,2024-04-01 / 2024-04-01,1448
MX,Tepic,KA,2024-04-01 / 2024-04-01,1021
MX,Manzanillo,KA,2024-04-01 / 2024-04-01,510
MX,Colima,KA,2024-04-01 / 2024-04-01,875
MX,Culiacan,KA,2024-04-01 / 2024-04-01,2100
MX,Tijuana,KA,2024-04-01 / 2024-04-01,3604
MX,Mazatlan,KA,2024-04-01 / 2024-04-01,1171
MX,Ensenada,KA,2024-04-01 / 2024-04-01,1102
MX,Mexicali,KA,2024-04-01 / 2024-04-01,3398
MX,Guadalajara,CKA,2024-04-01 / 2024-04-01,8193
MX,Guadalajara,KA,2024-04-01 / 2024-04-01,9353
MX,Guadalajara,DK,2024-04-01 / 2024-04-01,1032
MX,Valles City,SME,2024-04-01 / 2024-04-01,-
MX,Nuevo Laredo,DK,2024-04-01 / 2024-04-01,32
MX,Guanajuato,SME,2024-04-01 / 2024-04-01,-
MX,San Miguel de Allende,SME,2024-04-01 / 2024-04-01,0
MX,Matamoros,DK,2024-04-01 / 2024-04-01,5
MX,Irapuato,DK,2024-04-01 / 2024-04-01,-
MX,Aguascalientes,DK,2024-04-01 / 2024-04-01,17
MX,Celaya,DK,2024-04-01 / 2024-04-01,1
MX,San Juan del Río,DK,2024-04-01 / 2024-04-01,0
MX,Victoria,DK,2024-04-01 / 2024-04-01,7
MX,Piedras Negras,SME,2024-04-01 / 2024-04-01,-
MX,Durango,DK,2024-04-01 / 2024-04-01,136
MX,Tampico,DK,2024-04-01 / 2024-04-01,11
MX,Torreon,DK,2024-04-01 / 2024-04-01,93
MX,Chihuahua,DK,2024-04-01 / 2024-04-01,96
MX,Reynosa,DK,2024-04-01 / 2024-04-01,-
MX,Salamanca,DK,2024-04-01 / 2024-04-01,1
MX,San Luis Potosi,DK,2024-04-01 / 2024-04-01,87
MX,Irapuato,SME,2024-04-01 / 2024-04-01,481
MX,San Juan del Río,SME,2024-04-01 / 2024-04-01,420
MX,Queretaro,SME,2024-04-01 / 2024-04-01,2286
MX,Durango,SME,2024-04-01 / 2024-04-01,2369
MX,Reynosa,SME,2024-04-01 / 2024-04-01,0
MX,Monclova,SME,2024-04-01 / 2024-04-01,0
MX,Delicias,SME,2024-04-01 / 2024-04-01,416
MX,Victoria,SME,2024-04-01 / 2024-04-01,817
MX,Matamoros,SME,2024-04-01 / 2024-04-01,1166
MX,Aguascalientes,SME,2024-04-01 / 2024-04-01,1518
MX,Jaurez CHIH,SME,2024-04-01 / 2024-04-01,3594
MX,Chihuahua,SME,2024-04-01 / 2024-04-01,1770
MX,San Luis Potosi,SME,2024-04-01 / 2024-04-01,2062
MX,Torreon,SME,2024-04-01 / 2024-04-01,1893
MX,Saltillo,SME,2024-04-01 / 2024-04-01,829
MX,Zacatecas,SME,2024-04-01 / 2024-04-01,573
MX,Nuevo Laredo,SME,2024-04-01 / 2024-04-01,570
MX,Salamanca,SME,2024-04-01 / 2024-04-01,135
MX,Leon,DK,2024-04-01 / 2024-04-01,30
MX,Tampico,SME,2024-04-01 / 2024-04-01,1295
MX,Celaya,SME,2024-04-01 / 2024-04-01,606
MX,Leon,SME,2024-04-01 / 2024-04-01,1798
MX,Queretaro,DK,2024-04-01 / 2024-04-01,115
MX,Jaurez CHIH,DK,2024-04-01 / 2024-04-01,423
MX,Delicias,CKA,2024-04-01 / 2024-04-01,57
MX,San Miguel de Allende,CKA,2024-04-01 / 2024-04-01,0
MX,Delicias,KA,2024-04-01 / 2024-04-01,216
MX,Piedras Negras,KA,2024-04-01 / 2024-04-01,0
MX,San Juan del Río,KA,2024-04-01 / 2024-04-01,279
MX,Victoria,KA,2024-04-01 / 2024-04-01,1029
MX,Reynosa,KA,2024-04-01 / 2024-04-01,0
MX,Durango,KA,2024-04-01 / 2024-04-01,1354
MX,Zacatecas,KA,2024-04-01 / 2024-04-01,480
MX,Tampico,KA,2024-04-01 / 2024-04-01,1365
MX,San Miguel de Allende,KA,2024-04-01 / 2024-04-01,0
MX,Valles City,KA,2024-04-01 / 2024-04-01,-
MX,Matamoros,KA,2024-04-01 / 2024-04-01,1153
MX,Torreon,KA,2024-04-01 / 2024-04-01,2090
MX,Valles City,CKA,2024-04-01 / 2024-04-01,-
MX,Irapuato,CKA,2024-04-01 / 2024-04-01,113
MX,Salamanca,CKA,2024-04-01 / 2024-04-01,29
MX,Celaya,CKA,2024-04-01 / 2024-04-01,234
MX,Matamoros,CKA,2024-04-01 / 2024-04-01,314
MX,Piedras Negras,CKA,2024-04-01 / 2024-04-01,-
MX,Reynosa,CKA,2024-04-01 / 2024-04-01,0
MX,Nuevo Laredo,CKA,2024-04-01 / 2024-04-01,70
MX,Monclova,CKA,2024-04-01 / 2024-04-01,0
MX,Torreon,CKA,2024-04-01 / 2024-04-01,725
MX,Monterrey,SME,2024-04-01 / 2024-04-01,8475
MX,Durango,CKA,2024-04-01 / 2024-04-01,1406
MX,Chihuahua,CKA,2024-04-01 / 2024-04-01,2805
MX,San Juan del Río,CKA,2024-04-01 / 2024-04-01,48
MX,Jaurez CHIH,CKA,2024-04-01 / 2024-04-01,3489
MX,Victoria,CKA,2024-04-01 / 2024-04-01,192
MX,Saltillo,CKA,2024-04-01 / 2024-04-01,652
MX,Monterrey,CKA,2024-04-01 / 2024-04-01,6229
MX,Aguascalientes,CKA,2024-04-01 / 2024-04-01,580
MX,Zacatecas,CKA,2024-04-01 / 2024-04-01,144
MX,Tampico,CKA,2024-04-01 / 2024-04-01,672
MX,Jaurez CHIH,KA,2024-04-01 / 2024-04-01,3400
MX,Aguascalientes,KA,2024-04-01 / 2024-04-01,1016
MX,Monclova,KA,2024-04-01 / 2024-04-01,0
MX,San Luis Potosi,KA,2024-04-01 / 2024-04-01,1193
MX,Irapuato,KA,2024-04-01 / 2024-04-01,507
MX,Leon,KA,2024-04-01 / 2024-04-01,1613
MX,Nuevo Laredo,KA,2024-04-01 / 2024-04-01,1206
MX,Queretaro,KA,2024-04-01 / 2024-04-01,2374
MX,Celaya,KA,2024-04-01 / 2024-04-01,713
MX,Chihuahua,KA,2024-04-01 / 2024-04-01,1968
MX,Salamanca,KA,2024-04-01 / 2024-04-01,130
MX,Leon,CKA,2024-04-01 / 2024-04-01,649
MX,Queretaro,CKA,2024-04-01 / 2024-04-01,1482
MX,San Luis Potosi,CKA,2024-04-01 / 2024-04-01,648
MX,Saltillo,KA,2024-04-01 / 2024-04-01,2229
MX,Monterrey,DK,2024-04-01 / 2024-04-01,3076
MX,Monterrey,KA,2024-04-01 / 2024-04-01,17191
MX,Saltillo,DK,2024-04-01 / 2024-04-01,93
MX,Mexico City,SME,2024-04-01 / 2024-04-01,18662
MX,Mexico City,CKA,2024-04-01 / 2024-04-01,11650
MX,Mexico City,KA,2024-04-01 / 2024-04-01,36994
MX,Mexico City,DK,2024-04-01 / 2024-04-01,2126
MX,Toluca,SME,2024-04-01 / 2024-04-01,1774
MX,Toluca,CKA,2024-04-01 / 2024-04-01,1002
MX,Toluca,DK,2024-04-01 / 2024-04-01,171
MX,Toluca,KA,2024-04-01 / 2024-04-01,2657
CO,Valledupar,SME,2024-04-01 / 2024-04-01,0
CO,Santa marta,SME,2024-04-01 / 2024-04-01,0
CO,Ibagué,SME,2024-04-01 / 2024-04-01,0
CO,Pereira,SME,2024-04-01 / 2024-04-01,0
CO,Bucaramanga,SME,2024-04-01 / 2024-04-01,407
CO,Cúcuta,SME,2024-04-01 / 2024-04-01,48
CO,Villavicencio,SME,2024-04-01 / 2024-04-01,0
CO,Barranquilla,SME,2024-04-01 / 2024-04-01,1334
CO,Manizales,SME,2024-04-01 / 2024-04-01,0
CO,Cartagena,SME,2024-04-01 / 2024-04-01,76
CO,Cali,SME,2024-04-01 / 2024-04-01,2422
CO,Villavicencio,DK,2024-04-01 / 2024-04-01,-
CO,Valledupar,DK,2024-04-01 / 2024-04-01,-
CO,Cúcuta,DK,2024-04-01 / 2024-04-01,6
CO,Manizales,DK,2024-04-01 / 2024-04-01,-
CO,Ibagué,DK,2024-04-01 / 2024-04-01,-
CO,Pereira,DK,2024-04-01 / 2024-04-01,0
CO,Medellín,SME,2024-04-01 / 2024-04-01,4505
CO,Bogotá D.C.,SME,2024-04-01 / 2024-04-01,4752
CO,Manizales,KA,2024-04-01 / 2024-04-01,0
CO,Santa marta,KA,2024-04-01 / 2024-04-01,0
CO,Ibagué,KA,2024-04-01 / 2024-04-01,0
CO,Pereira,KA,2024-04-01 / 2024-04-01,0
CO,Barranquilla,DK,2024-04-01 / 2024-04-01,633
CO,Cúcuta,KA,2024-04-01 / 2024-04-01,130
CO,Cartagena,DK,2024-04-01 / 2024-04-01,9
CO,Cali,KA,2024-04-01 / 2024-04-01,2609
CO,Villavicencio,KA,2024-04-01 / 2024-04-01,0
CO,Santa marta,DK,2024-04-01 / 2024-04-01,0
CO,Barranquilla,KA,2024-04-01 / 2024-04-01,1426
CO,Bucaramanga,DK,2024-04-01 / 2024-04-01,90
CO,Valledupar,KA,2024-04-01 / 2024-04-01,0
CO,Cali,DK,2024-04-01 / 2024-04-01,326
CO,Medellín,DK,2024-04-01 / 2024-04-01,828
CO,Bogotá D.C.,DK,2024-04-01 / 2024-04-01,1556
CO,Bucaramanga,KA,2024-04-01 / 2024-04-01,432
CO,Medellín,KA,2024-04-01 / 2024-04-01,4324
CO,Cartagena,KA,2024-04-01 / 2024-04-01,219
CO,Bogotá D.C.,KA,2024-04-01 / 2024-04-01,6113
CO,Valledupar,CKA,2024-04-01 / 2024-04-01,0
CO,Santa marta,CKA,2024-04-01 / 2024-04-01,-
CO,Villavicencio,CKA,2024-04-01 / 2024-04-01,0
CO,Cúcuta,CKA,2024-04-01 / 2024-04-01,2
CO,Barranquilla,CKA,2024-04-01 / 2024-04-01,803
CO,Manizales,CKA,2024-04-01 / 2024-04-01,0
CO,Bucaramanga,CKA,2024-04-01 / 2024-04-01,277
CO,Medellín,CKA,2024-04-01 / 2024-04-01,3871
CO,Ibagué,CKA,2024-04-01 / 2024-04-01,0
CO,Cartagena,CKA,2024-04-01 / 2024-04-01,33
CO,Cali,CKA,2024-04-01 / 2024-04-01,1264
CO,Pereira,CKA,2024-04-01 / 2024-04-01,0
CO,Bogotá D.C.,CKA,2024-04-01 / 2024-04-01,5655
CR,Limon,SME,2024-04-01 / 2024-04-01,-
CR,Liberia,SME,2024-04-01 / 2024-04-01,-
CR,Liberia,CKA,2024-04-01 / 2024-04-01,-
CR,Limon,KA,2024-04-01 / 2024-04-01,-
CR,Liberia,KA,2024-04-01 / 2024-04-01,-
CR,San Jose,SME,2024-04-01 / 2024-04-01,2231
CR,Limon,CKA,2024-04-01 / 2024-04-01,-
CR,San Jose,KA,2024-04-01 / 2024-04-01,7150
CR,San Jose,CKA,2024-04-01 / 2024-04-01,2072
PE,Arequipa,SME,2024-04-01 / 2024-04-01,-
PE,Trujillo,SME,2024-04-01 / 2024-04-01,-
PE,Lima,SME,2024-04-01 / 2024-04-01,2068
PE,Arequipa,KA,2024-04-01 / 2024-04-01,-
PE,Trujillo,KA,2024-04-01 / 2024-04-01,-
PE,Lima,KA,2024-04-01 / 2024-04-01,2813
PE,Lima,DK,2024-04-01 / 2024-04-01,664
PE,Trujillo,CKA,2024-04-01 / 2024-04-01,-
PE,Arequipa,CKA,2024-04-01 / 2024-04-01,-
PE,Lima,CKA,2024-04-01 / 2024-04-01,1305
MX,Tlaxcala,DK,2024-03-01 / 2024-03-01,0
MX,Coatzacoalcos,DK,2024-03-01 / 2024-03-01,4
MX,Oaxaca,DK,2024-03-01 / 2024-03-01,50
MX,Uruapan,SME,2024-03-01 / 2024-03-01,0
MX,Apizaco,SME,2024-03-01 / 2024-03-01,-
MX,Comitan de Dominguez,SME,2024-03-01 / 2024-03-01,-
MX,Tapachula,DK,2024-03-01 / 2024-03-01,0
MX,Campeche,DK,2024-03-01 / 2024-03-01,2
MX,Chilpancingo de los Bravo,SME,2024-03-01 / 2024-03-01,-
MX,Orizaba,SME,2024-03-01 / 2024-03-01,0
MX,Minatitlan,SME,2024-03-01 / 2024-03-01,-
MX,Zamora,SME,2024-03-01 / 2024-03-01,-
MX,Las Choapas,SME,2024-03-01 / 2024-03-01,85
MX,Tulancingo,SME,2024-03-01 / 2024-03-01,-
MX,La Piedad,SME,2024-03-01 / 2024-03-01,-
MX,Abejones,SME,2024-03-01 / 2024-03-01,-
MX,Chetumal,DK,2024-03-01 / 2024-03-01,27
MX,Carmen,SME,2024-03-01 / 2024-03-01,151
MX,Cordoba,SME,2024-03-01 / 2024-03-01,465
MX,Solidaridad,DK,2024-03-01 / 2024-03-01,17
MX,Pachuca,DK,2024-03-01 / 2024-03-01,-
MX,Cordoba,DK,2024-03-01 / 2024-03-01,-
MX,Acapulco,DK,2024-03-01 / 2024-03-01,-
MX,Zamora,KA,2024-03-01 / 2024-03-01,-
MX,Veracruz,DK,2024-03-01 / 2024-03-01,13
MX,Villahermosa,DK,2024-03-01 / 2024-03-01,63
MX,Las Choapas,DK,2024-03-01 / 2024-03-01,-
MX,Poza Rica de Hidalgo,DK,2024-03-01 / 2024-03-01,-
MX,Tehuacan,DK,2024-03-01 / 2024-03-01,0
MX,Morelia,DK,2024-03-01 / 2024-03-01,44
MX,Xalapa,DK,2024-03-01 / 2024-03-01,17
MX,Campeche,SME,2024-03-01 / 2024-03-01,435
MX,Tlaxcala,SME,2024-03-01 / 2024-03-01,381
MX,Acapulco,SME,2024-03-01 / 2024-03-01,195
MX,Poza Rica de Hidalgo,SME,2024-03-01 / 2024-03-01,170
MX,Tapachula,SME,2024-03-01 / 2024-03-01,193
MX,Oaxaca,SME,2024-03-01 / 2024-03-01,1368
MX,Xalapa,SME,2024-03-01 / 2024-03-01,280
MX,Cancun,SME,2024-03-01 / 2024-03-01,1561
MX,Villahermosa,SME,2024-03-01 / 2024-03-01,1407
MX,Morelia,SME,2024-03-01 / 2024-03-01,2097
MX,Coatzacoalcos,SME,2024-03-01 / 2024-03-01,188
MX,Tehuacan,SME,2024-03-01 / 2024-03-01,245
MX,Chetumal,SME,2024-03-01 / 2024-03-01,175
MX,Puebla,SME,2024-03-01 / 2024-03-01,2906
MX,Solidaridad,SME,2024-03-01 / 2024-03-01,211
MX,Merida,SME,2024-03-01 / 2024-03-01,1284
MX,San Cristobal de las Casas,SME,2024-03-01 / 2024-03-01,196
MX,Veracruz,SME,2024-03-01 / 2024-03-01,1123
MX,Pachuca,SME,2024-03-01 / 2024-03-01,479
MX,Cuernavaca,SME,2024-03-01 / 2024-03-01,1741
MX,Tuxtla Gutierrez,SME,2024-03-01 / 2024-03-01,1756
MX,Cuernavaca,DK,2024-03-01 / 2024-03-01,40
MX,Poza Rica de Hidalgo,CKA,2024-03-01 / 2024-03-01,15
MX,Las Choapas,CKA,2024-03-01 / 2024-03-01,10
MX,Acapulco,CKA,2024-03-01 / 2024-03-01,25
MX,Cancun,DK,2024-03-01 / 2024-03-01,132
MX,Tulancingo,KA,2024-03-01 / 2024-03-01,-
MX,San Cristobal de las Casas,KA,2024-03-01 / 2024-03-01,202
MX,Comitan de Dominguez,KA,2024-03-01 / 2024-03-01,0
MX,Poza Rica de Hidalgo,KA,2024-03-01 / 2024-03-01,142
MX,Campeche,KA,2024-03-01 / 2024-03-01,274
MX,Tehuacan,KA,2024-03-01 / 2024-03-01,208
MX,Tapachula,KA,2024-03-01 / 2024-03-01,266
MX,Chilpancingo de los Bravo,KA,2024-03-01 / 2024-03-01,0
MX,Chilpancingo de los Bravo,CKA,2024-03-01 / 2024-03-01,-
MX,Chetumal,KA,2024-03-01 / 2024-03-01,376
MX,Tlaxcala,KA,2024-03-01 / 2024-03-01,322
MX,Las Choapas,KA,2024-03-01 / 2024-03-01,101
MX,Oaxaca,KA,2024-03-01 / 2024-03-01,991
MX,Tuxtla Gutierrez,KA,2024-03-01 / 2024-03-01,1521
MX,Pachuca,KA,2024-03-01 / 2024-03-01,471
MX,Coatzacoalcos,KA,2024-03-01 / 2024-03-01,481
MX,Uruapan,KA,2024-03-01 / 2024-03-01,0
MX,Carmen,KA,2024-03-01 / 2024-03-01,409
MX,Cordoba,KA,2024-03-01 / 2024-03-01,560
MX,Villahermosa,KA,2024-03-01 / 2024-03-01,1834
MX,Tehuacan,CKA,2024-03-01 / 2024-03-01,43
MX,Uruapan,CKA,2024-03-01 / 2024-03-01,0
MX,Coatzacoalcos,CKA,2024-03-01 / 2024-03-01,60
MX,Zamora,CKA,2024-03-01 / 2024-03-01,-
MX,Solidaridad,CKA,2024-03-01 / 2024-03-01,47
MX,Chetumal,CKA,2024-03-01 / 2024-03-01,0
MX,Tuxtla Gutierrez,CKA,2024-03-01 / 2024-03-01,228
MX,Carmen,CKA,2024-03-01 / 2024-03-01,13
MX,Villahermosa,CKA,2024-03-01 / 2024-03-01,1427
MX,Cancun,CKA,2024-03-01 / 2024-03-01,1139
MX,Campeche,CKA,2024-03-01 / 2024-03-01,29
MX,Tapachula,CKA,2024-03-01 / 2024-03-01,21
MX,Oaxaca,CKA,2024-03-01 / 2024-03-01,1094
MX,Cuernavaca,CKA,2024-03-01 / 2024-03-01,1071
MX,Tlaxcala,CKA,2024-03-01 / 2024-03-01,54
MX,Morelia,CKA,2024-03-01 / 2024-03-01,964
MX,Pachuca,CKA,2024-03-01 / 2024-03-01,196
MX,San Cristobal de las Casas,CKA,2024-03-01 / 2024-03-01,17
MX,Xalapa,CKA,2024-03-01 / 2024-03-01,54
MX,Comitan de Dominguez,CKA,2024-03-01 / 2024-03-01,-
MX,Cordoba,CKA,2024-03-01 / 2024-03-01,94
MX,Veracruz,CKA,2024-03-01 / 2024-03-01,428
MX,Cuernavaca,KA,2024-03-01 / 2024-03-01,2316
MX,Acapulco,KA,2024-03-01 / 2024-03-01,576
MX,Xalapa,KA,2024-03-01 / 2024-03-01,452
MX,Cancun,KA,2024-03-01 / 2024-03-01,2454
MX,Morelia,KA,2024-03-01 / 2024-03-01,1003
MX,Veracruz,KA,2024-03-01 / 2024-03-01,1228
MX,Solidaridad,KA,2024-03-01 / 2024-03-01,371
MX,Puebla,CKA,2024-03-01 / 2024-03-01,2056
MX,Merida,CKA,2024-03-01 / 2024-03-01,616
MX,Merida,DK,2024-03-01 / 2024-03-01,83
MX,Puebla,KA,2024-03-01 / 2024-03-01,3780
MX,Puebla,DK,2024-03-01 / 2024-03-01,337
MX,Merida,KA,2024-03-01 / 2024-03-01,1884
MX,Navojoa,SME,2024-03-01 / 2024-03-01,248
MX,Guaymas,SME,2024-03-01 / 2024-03-01,0
MX,Ciudad Obregon,DK,2024-03-01 / 2024-03-01,2
MX,Mazatlan,DK,2024-03-01 / 2024-03-01,19
MX,Tijuana,DK,2024-03-01 / 2024-03-01,125
MX,Culiacan,DK,2024-03-01 / 2024-03-01,62
MX,Puerto Vallarta,DK,2024-03-01 / 2024-03-01,19
MX,Mexicali,DK,2024-03-01 / 2024-03-01,356
MX,Ensenada,DK,2024-03-01 / 2024-03-01,77
MX,Los Mochis-Guasave,DK,2024-03-01 / 2024-03-01,35
MX,Los Cabos,DK,2024-03-01 / 2024-03-01,4
MX,Tepic,DK,2024-03-01 / 2024-03-01,85
MX,Nogales(SON),DK,2024-03-01 / 2024-03-01,-
MX,Manzanillo,SME,2024-03-01 / 2024-03-01,426
MX,Mazatlan,SME,2024-03-01 / 2024-03-01,921
MX,Mexicali,SME,2024-03-01 / 2024-03-01,3988
MX,Nogales(SON),SME,2024-03-01 / 2024-03-01,0
MX,Puerto Vallarta,SME,2024-03-01 / 2024-03-01,697
MX,Guadalajara,SME,2024-03-01 / 2024-03-01,11503
MX,Ciudad Obregon,SME,2024-03-01 / 2024-03-01,993
MX,Colima,SME,2024-03-01 / 2024-03-01,1038
MX,Ensenada,SME,2024-03-01 / 2024-03-01,2133
MX,Tijuana,SME,2024-03-01 / 2024-03-01,2921
MX,Tepic,SME,2024-03-01 / 2024-03-01,1609
MX,Los Cabos,SME,2024-03-01 / 2024-03-01,715
MX,Hermosillo,SME,2024-03-01 / 2024-03-01,1701
MX,Los Mochis-Guasave,SME,2024-03-01 / 2024-03-01,841
MX,La Paz,SME,2024-03-01 / 2024-03-01,950
MX,La Paz,DK,2024-03-01 / 2024-03-01,91
MX,Colima,DK,2024-03-01 / 2024-03-01,62
MX,Culiacan,SME,2024-03-01 / 2024-03-01,1899
MX,Los Cabos,CKA,2024-03-01 / 2024-03-01,194
MX,Ciudad Obregon,KA,2024-03-01 / 2024-03-01,674
MX,Los Cabos,KA,2024-03-01 / 2024-03-01,634
MX,Navojoa,KA,2024-03-01 / 2024-03-01,207
MX,Guaymas,KA,2024-03-01 / 2024-03-01,0
MX,Los Mochis-Guasave,KA,2024-03-01 / 2024-03-01,665
MX,Hermosillo,DK,2024-03-01 / 2024-03-01,21
MX,Nogales(SON),KA,2024-03-01 / 2024-03-01,0
MX,La Paz,KA,2024-03-01 / 2024-03-01,745
MX,Manzanillo,CKA,2024-03-01 / 2024-03-01,130
MX,Colima,CKA,2024-03-01 / 2024-03-01,132
MX,La Paz,CKA,2024-03-01 / 2024-03-01,139
MX,Puerto Vallarta,CKA,2024-03-01 / 2024-03-01,133
MX,Nogales(SON),CKA,2024-03-01 / 2024-03-01,0
MX,Ensenada,CKA,2024-03-01 / 2024-03-01,662
MX,Guaymas,CKA,2024-03-01 / 2024-03-01,0
MX,Navojoa,CKA,2024-03-01 / 2024-03-01,26
MX,Ciudad Obregon,CKA,2024-03-01 / 2024-03-01,578
MX,Tepic,CKA,2024-03-01 / 2024-03-01,658
MX,Mazatlan,CKA,2024-03-01 / 2024-03-01,472
MX,Culiacan,CKA,2024-03-01 / 2024-03-01,2290
MX,Tijuana,CKA,2024-03-01 / 2024-03-01,1879
MX,Los Mochis-Guasave,CKA,2024-03-01 / 2024-03-01,369
MX,Hermosillo,CKA,2024-03-01 / 2024-03-01,1306
MX,Mazatlan,KA,2024-03-01 / 2024-03-01,1130
MX,Tepic,KA,2024-03-01 / 2024-03-01,1054
MX,Culiacan,KA,2024-03-01 / 2024-03-01,1985
MX,Tijuana,KA,2024-03-01 / 2024-03-01,3494
MX,Ensenada,KA,2024-03-01 / 2024-03-01,1021
MX,Puerto Vallarta,KA,2024-03-01 / 2024-03-01,609
MX,Colima,KA,2024-03-01 / 2024-03-01,861
MX,Manzanillo,KA,2024-03-01 / 2024-03-01,483
MX,Mexicali,KA,2024-03-01 / 2024-03-01,3192
MX,Hermosillo,KA,2024-03-01 / 2024-03-01,1388
MX,Guadalajara,CKA,2024-03-01 / 2024-03-01,8547
MX,Mexicali,CKA,2024-03-01 / 2024-03-01,3192
MX,Guadalajara,KA,2024-03-01 / 2024-03-01,9323
MX,Guadalajara,DK,2024-03-01 / 2024-03-01,984
MX,San Miguel de Allende,SME,2024-03-01 / 2024-03-01,0
MX,Guanajuato,SME,2024-03-01 / 2024-03-01,-
MX,Valles City,SME,2024-03-01 / 2024-03-01,-
MX,Nuevo Laredo,DK,2024-03-01 / 2024-03-01,28
MX,Matamoros,DK,2024-03-01 / 2024-03-01,3
MX,Irapuato,DK,2024-03-01 / 2024-03-01,-
MX,Aguascalientes,DK,2024-03-01 / 2024-03-01,15
MX,Celaya,DK,2024-03-01 / 2024-03-01,1
MX,San Juan del Río,DK,2024-03-01 / 2024-03-01,0
MX,Victoria,DK,2024-03-01 / 2024-03-01,8
MX,Piedras Negras,SME,2024-03-01 / 2024-03-01,-
MX,Durango,DK,2024-03-01 / 2024-03-01,134
MX,Tampico,DK,2024-03-01 / 2024-03-01,17
MX,Torreon,DK,2024-03-01 / 2024-03-01,109
MX,Chihuahua,DK,2024-03-01 / 2024-03-01,107
MX,Reynosa,DK,2024-03-01 / 2024-03-01,-
MX,Salamanca,DK,2024-03-01 / 2024-03-01,2
MX,San Luis Potosi,DK,2024-03-01 / 2024-03-01,92
MX,Chihuahua,SME,2024-03-01 / 2024-03-01,1821
MX,Jaurez CHIH,SME,2024-03-01 / 2024-03-01,3570
MX,San Juan del Río,SME,2024-03-01 / 2024-03-01,410
MX,Irapuato,SME,2024-03-01 / 2024-03-01,510
MX,Torreon,SME,2024-03-01 / 2024-03-01,1931
MX,Matamoros,SME,2024-03-01 / 2024-03-01,1128
MX,Monclova,SME,2024-03-01 / 2024-03-01,0
MX,Queretaro,SME,2024-03-01 / 2024-03-01,2263
MX,Zacatecas,SME,2024-03-01 / 2024-03-01,598
MX,Aguascalientes,SME,2024-03-01 / 2024-03-01,1494
MX,Durango,SME,2024-03-01 / 2024-03-01,2415
MX,Victoria,SME,2024-03-01 / 2024-03-01,765
MX,Nuevo Laredo,SME,2024-03-01 / 2024-03-01,550
MX,Delicias,SME,2024-03-01 / 2024-03-01,427
MX,Reynosa,SME,2024-03-01 / 2024-03-01,0
MX,Tampico,SME,2024-03-01 / 2024-03-01,1242
MX,Leon,SME,2024-03-01 / 2024-03-01,1841
MX,San Luis Potosi,SME,2024-03-01 / 2024-03-01,2111
MX,Salamanca,SME,2024-03-01 / 2024-03-01,131
MX,Saltillo,SME,2024-03-01 / 2024-03-01,906
MX,Leon,DK,2024-03-01 / 2024-03-01,34
MX,Celaya,SME,2024-03-01 / 2024-03-01,632
MX,Queretaro,DK,2024-03-01 / 2024-03-01,106
MX,Jaurez CHIH,DK,2024-03-01 / 2024-03-01,394
MX,Delicias,CKA,2024-03-01 / 2024-03-01,55
MX,San Miguel de Allende,CKA,2024-03-01 / 2024-03-01,0
MX,Piedras Negras,KA,2024-03-01 / 2024-03-01,0
MX,San Juan del Río,KA,2024-03-01 / 2024-03-01,283
MX,Delicias,KA,2024-03-01 / 2024-03-01,218
MX,Victoria,KA,2024-03-01 / 2024-03-01,1018
MX,Reynosa,KA,2024-03-01 / 2024-03-01,0
MX,Jaurez CHIH,KA,2024-03-01 / 2024-03-01,3294
MX,Durango,KA,2024-03-01 / 2024-03-01,1423
MX,Valles City,KA,2024-03-01 / 2024-03-01,-
MX,Torreon,KA,2024-03-01 / 2024-03-01,2156
MX,Zacatecas,KA,2024-03-01 / 2024-03-01,506
MX,Matamoros,KA,2024-03-01 / 2024-03-01,1115
MX,San Miguel de Allende,KA,2024-03-01 / 2024-03-01,0
MX,Tampico,KA,2024-03-01 / 2024-03-01,1320
MX,Valles City,CKA,2024-03-01 / 2024-03-01,-
MX,Irapuato,CKA,2024-03-01 / 2024-03-01,114
MX,Salamanca,CKA,2024-03-01 / 2024-03-01,33
MX,Celaya,CKA,2024-03-01 / 2024-03-01,245
MX,Nuevo Laredo,CKA,2024-03-01 / 2024-03-01,82
MX,Reynosa,CKA,2024-03-01 / 2024-03-01,0
MX,Matamoros,CKA,2024-03-01 / 2024-03-01,298
MX,Piedras Negras,CKA,2024-03-01 / 2024-03-01,-
MX,Torreon,CKA,2024-03-01 / 2024-03-01,738
MX,Monclova,CKA,2024-03-01 / 2024-03-01,0
MX,Monterrey,SME,2024-03-01 / 2024-03-01,8181
MX,Chihuahua,CKA,2024-03-01 / 2024-03-01,2927
MX,Durango,CKA,2024-03-01 / 2024-03-01,1535
MX,San Juan del Río,CKA,2024-03-01 / 2024-03-01,47
MX,Victoria,CKA,2024-03-01 / 2024-03-01,201
MX,Jaurez CHIH,CKA,2024-03-01 / 2024-03-01,3632
MX,Saltillo,CKA,2024-03-01 / 2024-03-01,708
MX,Monterrey,CKA,2024-03-01 / 2024-03-01,6712
MX,Aguascalientes,CKA,2024-03-01 / 2024-03-01,622
MX,Zacatecas,CKA,2024-03-01 / 2024-03-01,154
MX,Tampico,CKA,2024-03-01 / 2024-03-01,674
MX,Irapuato,KA,2024-03-01 / 2024-03-01,533
MX,Celaya,KA,2024-03-01 / 2024-03-01,753
MX,Aguascalientes,KA,2024-03-01 / 2024-03-01,989
MX,Queretaro,KA,2024-03-01 / 2024-03-01,2446
MX,Monclova,KA,2024-03-01 / 2024-03-01,0
MX,Nuevo Laredo,KA,2024-03-01 / 2024-03-01,1169
MX,Leon,KA,2024-03-01 / 2024-03-01,1678
MX,Chihuahua,KA,2024-03-01 / 2024-03-01,2086
MX,Salamanca,KA,2024-03-01 / 2024-03-01,129
MX,San Luis Potosi,KA,2024-03-01 / 2024-03-01,1284
MX,Leon,CKA,2024-03-01 / 2024-03-01,720
MX,Queretaro,CKA,2024-03-01 / 2024-03-01,1507
MX,San Luis Potosi,CKA,2024-03-01 / 2024-03-01,679
MX,Saltillo,DK,2024-03-01 / 2024-03-01,97
MX,Saltillo,KA,2024-03-01 / 2024-03-01,2332
MX,Monterrey,KA,2024-03-01 / 2024-03-01,16514
MX,Monterrey,DK,2024-03-01 / 2024-03-01,3215
MX,Mexico City,SME,2024-03-01 / 2024-03-01,18571
MX,Mexico City,CKA,2024-03-01 / 2024-03-01,11567
MX,Mexico City,KA,2024-03-01 / 2024-03-01,36514
MX,Mexico City,DK,2024-03-01 / 2024-03-01,2070
MX,Toluca,SME,2024-03-01 / 2024-03-01,1759
MX,Toluca,CKA,2024-03-01 / 2024-03-01,1067
MX,Toluca,KA,2024-03-01 / 2024-03-01,2632
MX,Toluca,DK,2024-03-01 / 2024-03-01,172
CO,Ibagué,SME,2024-03-01 / 2024-03-01,0
CO,Santa marta,SME,2024-03-01 / 2024-03-01,0
CO,Valledupar,SME,2024-03-01 / 2024-03-01,0
CO,Cúcuta,SME,2024-03-01 / 2024-03-01,56
CO,Villavicencio,SME,2024-03-01 / 2024-03-01,0
CO,Pereira,SME,2024-03-01 / 2024-03-01,0
CO,Cartagena,SME,2024-03-01 / 2024-03-01,82
CO,Manizales,SME,2024-03-01 / 2024-03-01,0
CO,Barranquilla,SME,2024-03-01 / 2024-03-01,1397
CO,Bucaramanga,SME,2024-03-01 / 2024-03-01,445
CO,Cali,SME,2024-03-01 / 2024-03-01,2431
CO,Villavicencio,DK,2024-03-01 / 2024-03-01,-
CO,Valledupar,DK,2024-03-01 / 2024-03-01,-
CO,Cúcuta,DK,2024-03-01 / 2024-03-01,3
CO,Manizales,DK,2024-03-01 / 2024-03-01,-
CO,Ibagué,DK,2024-03-01 / 2024-03-01,-
CO,Pereira,DK,2024-03-01 / 2024-03-01,0
CO,Valledupar,KA,2024-03-01 / 2024-03-01,0
CO,Medellín,SME,2024-03-01 / 2024-03-01,4364
CO,Bogotá D.C.,SME,2024-03-01 / 2024-03-01,4642
CO,Manizales,KA,2024-03-01 / 2024-03-01,0
CO,Ibagué,KA,2024-03-01 / 2024-03-01,0
CO,Santa marta,KA,2024-03-01 / 2024-03-01,0
CO,Cali,KA,2024-03-01 / 2024-03-01,2741
CO,Villavicencio,KA,2024-03-01 / 2024-03-01,0
CO,Pereira,KA,2024-03-01 / 2024-03-01,0
CO,Cartagena,DK,2024-03-01 / 2024-03-01,7
CO,Cúcuta,KA,2024-03-01 / 2024-03-01,133
CO,Santa marta,DK,2024-03-01 / 2024-03-01,0
CO,Bucaramanga,DK,2024-03-01 / 2024-03-01,80
CO,Barranquilla,KA,2024-03-01 / 2024-03-01,1511
CO,Barranquilla,DK,2024-03-01 / 2024-03-01,648
CO,Cali,DK,2024-03-01 / 2024-03-01,314
CO,Bogotá D.C.,DK,2024-03-01 / 2024-03-01,1419
CO,Medellín,DK,2024-03-01 / 2024-03-01,842
CO,Medellín,KA,2024-03-01 / 2024-03-01,4465
CO,Bogotá D.C.,KA,2024-03-01 / 2024-03-01,6252
CO,Cartagena,KA,2024-03-01 / 2024-03-01,218
CO,Bucaramanga,KA,2024-03-01 / 2024-03-01,433
CO,Valledupar,CKA,2024-03-01 / 2024-03-01,0
CO,Santa marta,CKA,2024-03-01 / 2024-03-01,-
CO,Villavicencio,CKA,2024-03-01 / 2024-03-01,0
CO,Cúcuta,CKA,2024-03-01 / 2024-03-01,4
CO,Barranquilla,CKA,2024-03-01 / 2024-03-01,851
CO,Bucaramanga,CKA,2024-03-01 / 2024-03-01,278
CO,Manizales,CKA,2024-03-01 / 2024-03-01,0
CO,Medellín,CKA,2024-03-01 / 2024-03-01,4110
CO,Cartagena,CKA,2024-03-01 / 2024-03-01,31
CO,Ibagué,CKA,2024-03-01 / 2024-03-01,0
CO,Cali,CKA,2024-03-01 / 2024-03-01,1315
CO,Pereira,CKA,2024-03-01 / 2024-03-01,0
CO,Bogotá D.C.,CKA,2024-03-01 / 2024-03-01,5561
CR,Liberia,SME,2024-03-01 / 2024-03-01,-
CR,Limon,SME,2024-03-01 / 2024-03-01,-
CR,Liberia,CKA,2024-03-01 / 2024-03-01,-
CR,Limon,KA,2024-03-01 / 2024-03-01,-
CR,Liberia,KA,2024-03-01 / 2024-03-01,-
CR,San Jose,SME,2024-03-01 / 2024-03-01,2219
CR,Limon,CKA,2024-03-01 / 2024-03-01,-
CR,San Jose,KA,2024-03-01 / 2024-03-01,7689
CR,San Jose,CKA,2024-03-01 / 2024-03-01,2164
PE,Arequipa,SME,2024-03-01 / 2024-03-01,-
PE,Trujillo,SME,2024-03-01 / 2024-03-01,-
PE,Lima,SME,2024-03-01 / 2024-03-01,2211
PE,Lima,KA,2024-03-01 / 2024-03-01,2891
PE,Trujillo,KA,2024-03-01 / 2024-03-01,-
PE,Arequipa,KA,2024-03-01 / 2024-03-01,-
PE,Lima,DK,2024-03-01 / 2024-03-01,770
PE,Arequipa,CKA,2024-03-01 / 2024-03-01,-
PE,Trujillo,CKA,2024-03-01 / 2024-03-01,-
PE,Lima,CKA,2024-03-01 / 2024-03-01,1201
